<keymap version="1" name="Windows copy" parent="$default">
  <action id="Arrangement.Rule.Match.Condition.Move.Down" />
  <action id="Arrangement.Rule.Match.Condition.Move.Up" />
  <action id="Back">
    <mouse-shortcut keystroke="button4" />
    <keyboard-shortcut first-keystroke="alt left" />
  </action>
  <action id="ChangesView.Diff" />
  <action id="ChooseDebugConfiguration">
    <keyboard-shortcut first-keystroke="shift f11" />
  </action>
  <action id="ChooseRunConfiguration">
    <keyboard-shortcut first-keystroke="shift f10" />
  </action>
  <action id="CompareTwoFiles" />
  <action id="Console.TableResult.CloneRow" />
  <action id="CopyElement" />
  <action id="Coverage">
    <keyboard-shortcut first-keystroke="shift alt f10" />
  </action>
  <action id="DatabaseView.CopyAction" />
  <action id="DatabaseView.CopyTable" />
  <action id="Debug">
    <keyboard-shortcut first-keystroke="f11" />
  </action>
  <action id="Debugger.ResumeThread">
    <keyboard-shortcut first-keystroke="f8" />
  </action>
  <action id="Debugger.StepOutOfBlock">
    <keyboard-shortcut first-keystroke="shift f7" />
  </action>
  <action id="DecrementWindowHeight" />
  <action id="Diff.NextConflict">
    <keyboard-shortcut first-keystroke="shift ctrl down" />
  </action>
  <action id="Diff.PreviousConflict">
    <keyboard-shortcut first-keystroke="shift ctrl up" />
  </action>
  <action id="Diff.ShowDiff" />
  <action id="EditorDeleteLine">
    <keyboard-shortcut first-keystroke="ctrl d" />
  </action>
  <action id="EditorDuplicate">
    <keyboard-shortcut first-keystroke="ctrl alt down" />
  </action>
  <action id="EditorLookupDown" />
  <action id="EditorLookupUp" />
  <action id="EditorScrollDown" />
  <action id="EditorScrollUp" />
  <action id="FileChooser.GotoDesktop" />
  <action id="ForceStepInto" />
  <action id="Forward">
    <mouse-shortcut keystroke="button5" />
    <keyboard-shortcut first-keystroke="alt right" />
  </action>
  <action id="Graph.ApplyCurrentLayout" />
  <action id="IncrementWindowHeight" />
  <action id="MethodDown" />
  <action id="MethodOverloadSwitchDown" />
  <action id="MethodOverloadSwitchUp" />
  <action id="MethodUp" />
  <action id="Move" />
  <action id="MoveStatementDown">
    <keyboard-shortcut first-keystroke="alt down" />
  </action>
  <action id="MoveStatementUp">
    <keyboard-shortcut first-keystroke="alt up" />
  </action>
  <action id="NextDiff">
    <keyboard-shortcut first-keystroke="ctrl down" />
  </action>
  <action id="NextTab">
    <keyboard-shortcut first-keystroke="ctrl alt right" />
  </action>
  <action id="PreviousDiff">
    <keyboard-shortcut first-keystroke="ctrl up" />
  </action>
  <action id="PreviousTab">
    <keyboard-shortcut first-keystroke="ctrl alt left" />
  </action>
  <action id="Refactorings.QuickListPopupAction">
    <keyboard-shortcut first-keystroke="ctrl t" />
  </action>
  <action id="ResetColumnsWidth" />
  <action id="ResizeToolWindowDown" />
  <action id="ResizeToolWindowUp" />
  <action id="Resume">
    <keyboard-shortcut first-keystroke="f8" />
  </action>
  <action id="Run">
    <keyboard-shortcut first-keystroke="f10" />
  </action>
  <action id="RunDashboard.CopyConfiguration" />
  <action id="RunToCursor">
    <keyboard-shortcut first-keystroke="shift f8" />
  </action>
  <action id="SearchEverywhere.NavigateToNextGroup">
    <keyboard-shortcut first-keystroke="page_down" />
  </action>
  <action id="SearchEverywhere.NavigateToPrevGroup">
    <keyboard-shortcut first-keystroke="page_up" />
  </action>
  <action id="SendEOF" />
  <action id="ShowBookmarks" />
  <action id="ShowContent" />
  <action id="ShowSearchHistory" />
  <action id="SmartStepInto" />
  <action id="StepInto">
    <keyboard-shortcut first-keystroke="f5" />
  </action>
  <action id="StepOut">
    <keyboard-shortcut first-keystroke="f7" />
  </action>
  <action id="StepOver">
    <keyboard-shortcut first-keystroke="f6" />
  </action>
  <action id="ToggleBookmark" />
  <action id="Vcs.UpdateProject" />
  <action id="openAssertEqualsDiff" />
</keymap>