<profile version="1.0">
  <option name="myName" value="Default" />
  <inspection_tool class="BadExpressionStatementJS" enabled="true" level="ERROR" enabled_by_default="true" />
  <inspection_tool class="ES6CheckImport" enabled="true" level="ERROR" enabled_by_default="true" />
  <inspection_tool class="ES6ConvertLetToConst" enabled="true" level="WARNING" enabled_by_default="true" />
  <inspection_tool class="ES6MissingAwait" enabled="true" level="WARNING" enabled_by_default="true" />
  <inspection_tool class="ES6ModulesDependencies" enabled="true" level="ERROR" enabled_by_default="true" />
  <inspection_tool class="JSDeprecatedSymbols" enabled="true" level="ERROR" enabled_by_default="true" />
  <inspection_tool class="JSFunctionExpressionToArrowFunction" enabled="true" level="WEAK WARNING" enabled_by_default="true" />
  <inspection_tool class="JSIncompatibleTypesComparison" enabled="true" level="WARNING" enabled_by_default="true" />
  <inspection_tool class="JSMissingSwitchBranches" enabled="true" level="WEAK WARNING" enabled_by_default="true" />
  <inspection_tool class="JSMissingSwitchDefault" enabled="true" level="WEAK WARNING" enabled_by_default="true" />
  <inspection_tool class="JSRedundantSwitchStatement" enabled="true" level="WEAK WARNING" enabled_by_default="true" />
  <inspection_tool class="JSXNamespaceValidation" enabled="true" level="ERROR" enabled_by_default="true" />
  <inspection_tool class="NodeCoreCodingAssistance" enabled="true" level="ERROR" enabled_by_default="true" />
  <inspection_tool class="NodeModulesDependencies" enabled="true" level="ERROR" enabled_by_default="true" />
  <inspection_tool class="NpmUsedModulesInstalled" enabled="true" level="ERROR" enabled_by_default="true" />
  <inspection_tool class="TypeScriptUnresolvedFunction" enabled="true" level="ERROR" enabled_by_default="true" />
  <inspection_tool class="TypeScriptUnresolvedVariable" enabled="true" level="ERROR" enabled_by_default="true" />
</profile>