<?xml version="1.0" encoding="UTF-8"?>
<scheme name="SublimeMonokai" version="124" parent_scheme="Default">
  <option name="LINE_SPACING" value="1.0" />
  <option name="EDITOR_FONT_SIZE" value="11" />
  <option name="EDITOR_FONT_NAME" value="Menlo" />
  <colors>
    <option name="ADDED_LINES_COLOR" value="304050" />
    <option name="ANNOTATIONS_COLOR" value="9eb0de" />
    <option name="ANNOTATIONS_MERGED_COLOR" value="9ed9bc" />
    <option name="CARET_COLOR" value="ffffff" />
    <option name="CARET_ROW_COLOR" value="49483e" />
    <option name="CONSOLE_BACKGROUND_KEY" value="151613" />
    <option name="FILESTATUS_ADDED" value="fd000" />
    <option name="FILESTATUS_IDEA_FILESTATUS_DELETED_FROM_FILE_SYSTEM" value="b752dd" />
    <option name="FILESTATUS_IDEA_FILESTATUS_IGNORED" value="a0a047" />
    <option name="FILESTATUS_IDEA_SVN_REPLACED" value="cc500" />
    <option name="FILESTATUS_MODIFIED" value="578ddf" />
    <option name="FILESTATUS_NOT_CHANGED_IMMEDIATE" value="3987df" />
    <option name="FILESTATUS_UNKNOWN" value="c13d00" />
    <option name="FILESTATUS_modifiedOutside" value="5577e4" />
    <option name="GUTTER_BACKGROUND" value="272822" />
    <option name="INDENT_GUIDE" value="4d4d4d" />
    <option name="LINE_NUMBERS_COLOR" value="8f908a" />
    <option name="METHOD_SEPARATORS_COLOR" value="3f3f3f" />
    <option name="MODIFIED_LINES_COLOR" value="304050" />
    <option name="NOTIFICATION_BACKGROUND" value="e9e9e9" />
    <option name="READONLY_FRAGMENT_BACKGROUND" value="484b58" />
    <option name="RIGHT_MARGIN_COLOR" value="373737" />
    <option name="SELECTED_INDENT_GUIDE" value="494949" />
    <option name="SELECTION_BACKGROUND" value="7f8787" />
    <option name="SOFT_WRAP_SIGN_COLOR" value="4f4f4f" />
    <option name="TEARLINE_COLOR" value="696969" />
    <option name="WHITESPACES" value="" />
  </colors>
  <attributes>
    <option name="ABSTRACT_CLASS_NAME_ATTRIBUTES">
      <value>
        <option name="EFFECT_TYPE" value="0" />
      </value>
    </option>
    <option name="ANNOTATION_ATTRIBUTE_NAME_ATTRIBUTES">
      <value>
        <option name="EFFECT_TYPE" value="0" />
      </value>
    </option>
    <option name="ANNOTATION_NAME_ATTRIBUTES">
      <value>
        <option name="FOREGROUND" value="7ae27f" />
        <option name="EFFECT_TYPE" value="1" />
      </value>
    </option>
    <option name="ANONYMOUS_CLASS_NAME_ATTRIBUTES">
      <value>
        <option name="FOREGROUND" value="e5db74" />
        <option name="EFFECT_TYPE" value="0" />
      </value>
    </option>
    <option name="Annotation">
      <value>
        <option name="FOREGROUND" value="e4da66" />
        <option name="EFFECT_TYPE" value="1" />
      </value>
    </option>
    <option name="Attribute name">
      <value>
        <option name="FOREGROUND" value="bd93ff" />
        <option name="EFFECT_TYPE" value="0" />
      </value>
    </option>
    <option name="BAD_CHARACTER">
      <value>
        <option name="EFFECT_TYPE" value="0" />
      </value>
    </option>
    <option name="BASH.CONDITIONAL">
      <value>
        <option name="FOREGROUND" value="48ff60" />
        <option name="EFFECT_TYPE" value="0" />
      </value>
    </option>
    <option name="BASH.EXTERNAL_COMMAND">
      <value>
        <option name="FOREGROUND" value="c57633" />
        <option name="FONT_TYPE" value="2" />
        <option name="EFFECT_TYPE" value="0" />
      </value>
    </option>
    <option name="BASH.FUNCTION_CALL">
      <value>
        <option name="FOREGROUND" value="e6da74" />
        <option name="EFFECT_TYPE" value="0" />
      </value>
    </option>
    <option name="BASH.FUNCTION_DEF_NAME">
      <value>
        <option name="FOREGROUND" value="e6da74" />
        <option name="EFFECT_TYPE" value="0" />
      </value>
    </option>
    <option name="BASH.HERE_DOC">
      <value>
        <option name="BACKGROUND" value="17131e" />
        <option name="EFFECT_TYPE" value="0" />
      </value>
    </option>
    <option name="BASH.HERE_DOC_END">
      <value>
        <option name="FOREGROUND" value="66d9ef" />
        <option name="EFFECT_TYPE" value="0" />
      </value>
    </option>
    <option name="BASH.HERE_DOC_START">
      <value>
        <option name="FOREGROUND" value="66d9ef" />
        <option name="EFFECT_TYPE" value="0" />
      </value>
    </option>
    <option name="BASH.INTERNAL_COMMAND">
      <value>
        <option name="FOREGROUND" value="e6da74" />
        <option name="EFFECT_TYPE" value="0" />
      </value>
    </option>
    <option name="BASH.KEYWORD">
      <value>
        <option name="FOREGROUND" value="66d9ef" />
        <option name="EFFECT_TYPE" value="0" />
      </value>
    </option>
    <option name="BASH.REDIRECTION">
      <value>
        <option name="FOREGROUND" value="fd9620" />
        <option name="FONT_TYPE" value="2" />
        <option name="EFFECT_TYPE" value="1" />
      </value>
    </option>
    <option name="BASH.SHEBANG">
      <value>
        <option name="FONT_TYPE" value="1" />
        <option name="EFFECT_TYPE" value="0" />
      </value>
    </option>
    <option name="BASH.STRING">
      <value>
        <option name="FOREGROUND" value="bc95ff" />
        <option name="EFFECT_TYPE" value="0" />
      </value>
    </option>
    <option name="BASH.STRING2">
      <value>
        <option name="FOREGROUND" value="bc95ff" />
        <option name="EFFECT_TYPE" value="0" />
      </value>
    </option>
    <option name="BASH.VAR_DEF">
      <value>
        <option name="FOREGROUND" value="bce9fd" />
        <option name="EFFECT_TYPE" value="0" />
      </value>
    </option>
    <option name="BREAKPOINT_ATTRIBUTES">
      <value>
        <option name="BACKGROUND" value="5d4a4a" />
        <option name="EFFECT_TYPE" value="0" />
      </value>
    </option>
    <option name="Bad character">
      <value>
        <option name="EFFECT_COLOR" value="ff66d0" />
        <option name="EFFECT_TYPE" value="1" />
      </value>
    </option>
    <option name="Build-in Bash command">
      <value>
        <option name="FOREGROUND" value="f9276c" />
        <option name="FONT_TYPE" value="2" />
        <option name="EFFECT_TYPE" value="0" />
      </value>
    </option>
    <option name="CLASS_NAME_ATTRIBUTES">
      <value>
        <option name="FOREGROUND" value="e5db74" />
        <option name="BACKGROUND" value="212121" />
        <option name="EFFECT_TYPE" value="0" />
      </value>
    </option>
    <option name="CLASS_REFERENCE">
      <value>
        <option name="FOREGROUND" value="e5db74" />
        <option name="EFFECT_TYPE" value="-1" />
      </value>
    </option>
    <option name="COFFEESCRIPT.BAD_CHARACTER">
      <value>
        <option name="EFFECT_COLOR" value="ff0000" />
        <option name="EFFECT_TYPE" value="1" />
      </value>
    </option>
    <option name="COFFEESCRIPT.BLOCK_COMMENT">
      <value>
        <option name="FOREGROUND" value="726e4c" />
        <option name="FONT_TYPE" value="2" />
        <option name="EFFECT_TYPE" value="0" />
      </value>
    </option>
    <option name="COFFEESCRIPT.BOOLEAN">
      <value>
        <option name="FOREGROUND" value="f92772" />
        <option name="EFFECT_TYPE" value="0" />
      </value>
    </option>
    <option name="COFFEESCRIPT.CLASS_NAME">
      <value>
        <option name="FOREGROUND" value="bce9fd" />
        <option name="EFFECT_TYPE" value="5" />
      </value>
    </option>
    <option name="COFFEESCRIPT.COLON">
      <value>
        <option name="FOREGROUND" value="ca2954" />
        <option name="EFFECT_TYPE" value="0" />
      </value>
    </option>
    <option name="COFFEESCRIPT.ESCAPE_SEQUENCE">
      <value>
        <option name="FOREGROUND" value="e6da74" />
        <option name="EFFECT_TYPE" value="0" />
      </value>
    </option>
    <option name="COFFEESCRIPT.EXPRESSIONS_SUBSTITUTION_MARK">
      <value>
        <option name="FOREGROUND" value="f92772" />
        <option name="EFFECT_TYPE" value="0" />
      </value>
    </option>
    <option name="COFFEESCRIPT.FUNCTION">
      <value>
        <option name="FOREGROUND" value="e6da74" />
        <option name="EFFECT_TYPE" value="0" />
      </value>
    </option>
    <option name="COFFEESCRIPT.FUNCTION_BINDING">
      <value>
        <option name="FOREGROUND" value="cbbf66" />
        <option name="EFFECT_TYPE" value="0" />
      </value>
    </option>
    <option name="COFFEESCRIPT.FUNCTION_NAME">
      <value>
        <option name="FOREGROUND" value="e6da74" />
        <option name="FONT_TYPE" value="2" />
        <option name="EFFECT_TYPE" value="0" />
      </value>
    </option>
    <option name="COFFEESCRIPT.GLOBAL_VARIABLE">
      <value>
        <option name="FOREGROUND" value="bce9fd" />
        <option name="EFFECT_TYPE" value="0" />
      </value>
    </option>
    <option name="COFFEESCRIPT.HEREDOC_CONTENT">
      <value>
        <option name="FOREGROUND" value="bc95ff" />
        <option name="EFFECT_TYPE" value="0" />
      </value>
    </option>
    <option name="COFFEESCRIPT.HEREDOC_ID">
      <value>
        <option name="FOREGROUND" value="bc95ff" />
        <option name="EFFECT_TYPE" value="0" />
      </value>
    </option>
    <option name="COFFEESCRIPT.HEREGEX_CONTENT">
      <value>
        <option name="FOREGROUND" value="48ff60" />
        <option name="EFFECT_TYPE" value="0" />
      </value>
    </option>
    <option name="COFFEESCRIPT.HEREGEX_ID">
      <value>
        <option name="FOREGROUND" value="48ff60" />
        <option name="EFFECT_TYPE" value="0" />
      </value>
    </option>
    <option name="COFFEESCRIPT.JAVASCRIPT_CONTENT">
      <value>
        <option name="FOREGROUND" value="a9b7c6" />
        <option name="EFFECT_TYPE" value="5" />
      </value>
    </option>
    <option name="COFFEESCRIPT.JAVASCRIPT_ID">
      <value>
        <option name="FOREGROUND" value="8000" />
        <option name="EFFECT_TYPE" value="0" />
      </value>
    </option>
    <option name="COFFEESCRIPT.KEYWORD">
      <value>
        <option name="FOREGROUND" value="64d1e6" />
        <option name="EFFECT_TYPE" value="0" />
      </value>
    </option>
    <option name="COFFEESCRIPT.LOCAL_VARIABLE">
      <value>
        <option name="FOREGROUND" value="bce9fd" />
        <option name="EFFECT_TYPE" value="-1" />
      </value>
    </option>
    <option name="COFFEESCRIPT.NUMBER">
      <value>
        <option name="FOREGROUND" value="bc95ff" />
        <option name="EFFECT_TYPE" value="0" />
      </value>
    </option>
    <option name="COFFEESCRIPT.OBJECT_KEY">
      <value>
        <option name="FOREGROUND" value="f6faff" />
        <option name="EFFECT_TYPE" value="5" />
      </value>
    </option>
    <option name="COFFEESCRIPT.OPERATIONS">
      <value>
        <option name="FOREGROUND" value="f92772" />
        <option name="EFFECT_TYPE" value="0" />
      </value>
    </option>
    <option name="COFFEESCRIPT.REGULAR_EXPRESSION_CONTENT">
      <value>
        <option name="FOREGROUND" value="48ff60" />
        <option name="EFFECT_TYPE" value="0" />
      </value>
    </option>
    <option name="COFFEESCRIPT.REGULAR_EXPRESSION_FLAG">
      <value>
        <option name="FOREGROUND" value="bc95ff" />
        <option name="EFFECT_TYPE" value="0" />
      </value>
    </option>
    <option name="COFFEESCRIPT.REGULAR_EXPRESSION_ID">
      <value>
        <option name="FOREGROUND" value="ff00" />
        <option name="EFFECT_TYPE" value="0" />
      </value>
    </option>
    <option name="COFFEESCRIPT.SPLAT">
      <value>
        <option name="FOREGROUND" value="e6da74" />
        <option name="EFFECT_TYPE" value="0" />
      </value>
    </option>
    <option name="COFFEESCRIPT.STRING">
      <value>
        <option name="FOREGROUND" value="bc95ff" />
        <option name="EFFECT_TYPE" value="0" />
      </value>
    </option>
    <option name="COFFEESCRIPT.STRING_LITERAL">
      <value>
        <option name="FOREGROUND" value="bc95ff" />
        <option name="EFFECT_TYPE" value="0" />
      </value>
    </option>
    <option name="COFFEESCRIPT.THIS">
      <value>
        <option name="FOREGROUND" value="bce9fd" />
        <option name="EFFECT_TYPE" value="0" />
      </value>
    </option>
    <option name="CONDITIONALLY_NOT_COMPILED">
      <value>
        <option name="FOREGROUND" value="fcfcfc" />
        <option name="EFFECT_TYPE" value="-1" />
      </value>
    </option>
    <option name="CONSOLE_ERROR_OUTPUT">
      <value>
        <option name="FOREGROUND" value="66d9ef" />
        <option name="EFFECT_TYPE" value="0" />
      </value>
    </option>
    <option name="CONSOLE_GRAY_OUTPUT">
      <value>
        <option name="FOREGROUND" value="dddddd" />
        <option name="EFFECT_TYPE" value="0" />
      </value>
    </option>
    <option name="CONSOLE_NORMAL_OUTPUT">
      <value>
        <option name="FOREGROUND" value="48ff60" />
        <option name="EFFECT_TYPE" value="0" />
      </value>
    </option>
    <option name="CONSOLE_RED_OUTPUT">
      <value>
        <option name="FOREGROUND" value="dd0000" />
        <option name="EFFECT_TYPE" value="0" />
      </value>
    </option>
    <option name="CONSOLE_SYSTEM_OUTPUT">
      <value>
        <option name="FOREGROUND" value="66d9ef" />
        <option name="EFFECT_TYPE" value="0" />
      </value>
    </option>
    <option name="CONSOLE_USER_INPUT">
      <value>
        <option name="FOREGROUND" value="48ff60" />
        <option name="FONT_TYPE" value="2" />
        <option name="EFFECT_TYPE" value="0" />
      </value>
    </option>
    <option name="CONSTRUCTOR_CALL_ATTRIBUTES">
      <value>
        <option name="EFFECT_TYPE" value="0" />
      </value>
    </option>
    <option name="CONSTRUCTOR_DECLARATION_ATTRIBUTES">
      <value>
        <option name="FOREGROUND" value="e5db74" />
        <option name="EFFECT_TYPE" value="0" />
      </value>
    </option>
    <option name="CSS.FUNCTION">
      <value>
        <option name="FOREGROUND" value="d1dae7" />
        <option name="EFFECT_TYPE" value="0" />
      </value>
    </option>
    <option name="CSS.IDENT">
      <value>
        <option name="FOREGROUND" value="a6e22a" />
        <option name="EFFECT_TYPE" value="0" />
      </value>
    </option>
    <option name="CSS.IMPORTANT">
      <value>
        <option name="FOREGROUND" value="63ff6c" />
        <option name="EFFECT_TYPE" value="0" />
      </value>
    </option>
    <option name="CSS.KEYWORD">
      <value>
        <option name="FOREGROUND" value="f9276c" />
        <option name="EFFECT_TYPE" value="1" />
      </value>
    </option>
    <option name="CSS.NUMBER">
      <value>
        <option name="FOREGROUND" value="a381ff" />
        <option name="EFFECT_TYPE" value="0" />
      </value>
    </option>
    <option name="CSS.OPERATORS">
      <value>
        <option name="FOREGROUND" value="f9276c" />
        <option name="EFFECT_TYPE" value="0" />
      </value>
    </option>
    <option name="CSS.PROPERTY_NAME">
      <value>
        <option name="FOREGROUND" value="62d9ef" />
        <option name="EFFECT_TYPE" value="0" />
      </value>
    </option>
    <option name="CSS.PROPERTY_VALUE">
      <value>
        <option name="FOREGROUND" value="fcfcfc" />
        <option name="EFFECT_TYPE" value="0" />
      </value>
    </option>
    <option name="CSS.STRING">
      <value>
        <option name="FOREGROUND" value="e5db74" />
        <option name="EFFECT_TYPE" value="0" />
      </value>
    </option>
    <option name="CSS.TAG_NAME">
      <value>
        <option name="FOREGROUND" value="f92772" />
        <option name="EFFECT_TYPE" value="0" />
      </value>
    </option>
    <option name="CSS.URL">
      <value>
        <option name="FOREGROUND" value="ff9720" />
        <option name="EFFECT_TYPE" value="0" />
      </value>
    </option>
    <option name="CTRL_CLICKABLE">
      <value>
        <option name="FOREGROUND" value="ff" />
        <option name="EFFECT_COLOR" value="ff" />
        <option name="EFFECT_TYPE" value="1" />
      </value>
    </option>
    <option name="CUSTOM_INVALID_STRING_ESCAPE_ATTRIBUTES">
      <value>
        <option name="FOREGROUND" value="8000" />
        <option name="BACKGROUND" value="ffcccc" />
        <option name="EFFECT_TYPE" value="0" />
      </value>
    </option>
    <option name="CUSTOM_KEYWORD1_ATTRIBUTES">
      <value>
        <option name="FOREGROUND" value="80d1ff" />
        <option name="EFFECT_TYPE" value="0" />
      </value>
    </option>
    <option name="CUSTOM_KEYWORD2_ATTRIBUTES">
      <value>
        <option name="FOREGROUND" value="fd9fad" />
        <option name="EFFECT_TYPE" value="0" />
      </value>
    </option>
    <option name="CUSTOM_KEYWORD3_ATTRIBUTES">
      <value>
        <option name="FOREGROUND" value="bd93ff" />
        <option name="EFFECT_TYPE" value="0" />
      </value>
    </option>
    <option name="CUSTOM_KEYWORD4_ATTRIBUTES">
      <value>
        <option name="FOREGROUND" value="fdec73" />
        <option name="EFFECT_TYPE" value="0" />
      </value>
    </option>
    <option name="CUSTOM_LINE_COMMENT_ATTRIBUTES">
      <value>
        <option name="FOREGROUND" value="808080" />
        <option name="FONT_TYPE" value="2" />
        <option name="EFFECT_TYPE" value="0" />
      </value>
    </option>
    <option name="CUSTOM_MULTI_LINE_COMMENT_ATTRIBUTES">
      <value>
        <option name="FOREGROUND" value="808080" />
        <option name="FONT_TYPE" value="2" />
        <option name="EFFECT_TYPE" value="0" />
      </value>
    </option>
    <option name="CUSTOM_NUMBER_ATTRIBUTES">
      <value>
        <option name="FOREGROUND" value="bce9fd" />
        <option name="EFFECT_TYPE" value="0" />
      </value>
    </option>
    <option name="CUSTOM_STRING_ATTRIBUTES">
      <value>
        <option name="FOREGROUND" value="9de676" />
        <option name="EFFECT_TYPE" value="0" />
      </value>
    </option>
    <option name="CUSTOM_VALID_STRING_ESCAPE_ATTRIBUTES">
      <value>
        <option name="FOREGROUND" value="c1ffc8" />
        <option name="EFFECT_TYPE" value="0" />
      </value>
    </option>
    <option name="CfmlString">
      <value>
        <option name="FOREGROUND" value="ff00" />
        <option name="EFFECT_TYPE" value="0" />
      </value>
    </option>
    <option name="Clojure Atom">
      <value>
        <option name="FOREGROUND" value="66d9ef" />
        <option name="BACKGROUND" value="212121" />
        <option name="EFFECT_TYPE" value="0" />
      </value>
    </option>
    <option name="Clojure Character">
      <value>
        <option name="FOREGROUND" value="a581ff" />
        <option name="EFFECT_TYPE" value="0" />
      </value>
    </option>
    <option name="Clojure Keyword">
      <value>
        <option name="FOREGROUND" value="ff992f" />
        <option name="EFFECT_TYPE" value="0" />
      </value>
    </option>
    <option name="Clojure Line comment">
      <value>
        <option name="EFFECT_COLOR" value="808080" />
        <option name="EFFECT_TYPE" value="1" />
      </value>
    </option>
    <option name="Clojure Literal">
      <value>
        <option name="FOREGROUND" value="7ae27f" />
        <option name="EFFECT_TYPE" value="0" />
      </value>
    </option>
    <option name="Clojure Numbers">
      <value>
        <option name="FOREGROUND" value="a581ff" />
        <option name="EFFECT_TYPE" value="0" />
      </value>
    </option>
    <option name="Clojure Strings">
      <value>
        <option name="FOREGROUND" value="a581ff" />
        <option name="EFFECT_TYPE" value="0" />
      </value>
    </option>
    <option name="DEFAULT_BLOCK_COMMENT">
      <value>
        <option name="FOREGROUND" value="808080" />
        <option name="FONT_TYPE" value="2" />
        <option name="EFFECT_TYPE" value="0" />
      </value>
    </option>
    <option name="DEFAULT_BRACES">
      <value>
        <option name="EFFECT_TYPE" value="0" />
      </value>
    </option>
    <option name="DEFAULT_BRACKETS">
      <value>
        <option name="EFFECT_TYPE" value="0" />
      </value>
    </option>
    <option name="DEFAULT_COMMA">
      <value>
        <option name="FOREGROUND" value="cc7832" />
        <option name="EFFECT_TYPE" value="0" />
      </value>
    </option>
    <option name="DEFAULT_DOC_COMMENT">
      <value>
        <option name="FOREGROUND" value="808080" />
        <option name="FONT_TYPE" value="2" />
        <option name="EFFECT_TYPE" value="0" />
      </value>
    </option>
    <option name="DEFAULT_DOC_COMMENT_TAG">
      <value>
        <option name="FONT_TYPE" value="1" />
        <option name="EFFECT_COLOR" value="808080" />
        <option name="EFFECT_TYPE" value="1" />
      </value>
    </option>
    <option name="DEFAULT_DOC_MARKUP">
      <value>
        <option name="BACKGROUND" value="e2ffe2" />
        <option name="EFFECT_TYPE" value="0" />
      </value>
    </option>
    <option name="DEFAULT_DOT">
      <value>
        <option name="EFFECT_TYPE" value="0" />
      </value>
    </option>
    <option name="DEFAULT_FUNCTION_DECLARATION">
      <value>
        <option name="FOREGROUND" value="f1f1f1" />
        <option name="BACKGROUND" value="212121" />
        <option name="EFFECT_TYPE" value="0" />
      </value>
    </option>
    <option name="DEFAULT_INVALID_STRING_ESCAPE">
      <value>
        <option name="FOREGROUND" value="8000" />
        <option name="BACKGROUND" value="ffcccc" />
        <option name="EFFECT_TYPE" value="0" />
      </value>
    </option>
    <option name="DEFAULT_KEYWORD">
      <value>
        <option name="FOREGROUND" value="64d1e5" />
        <option name="EFFECT_TYPE" value="0" />
      </value>
    </option>
    <option name="DEFAULT_LINE_COMMENT">
      <value>
        <option name="FOREGROUND" value="808080" />
        <option name="FONT_TYPE" value="2" />
        <option name="EFFECT_TYPE" value="0" />
      </value>
    </option>
    <option name="DEFAULT_NUMBER">
      <value>
        <option name="FOREGROUND" value="bc95ff" />
        <option name="EFFECT_TYPE" value="0" />
      </value>
    </option>
    <option name="DEFAULT_OPERATION_SIGN">
      <value>
        <option name="FOREGROUND" value="f9276c" />
        <option name="EFFECT_TYPE" value="0" />
      </value>
    </option>
    <option name="DEFAULT_PARENTHS">
      <value>
        <option name="EFFECT_TYPE" value="0" />
      </value>
    </option>
    <option name="DEFAULT_SEMICOLON">
      <value>
        <option name="FOREGROUND" value="fd9620" />
        <option name="EFFECT_TYPE" value="0" />
      </value>
    </option>
    <option name="DEFAULT_STRING">
      <value>
        <option name="FOREGROUND" value="bc95ff" />
        <option name="EFFECT_TYPE" value="0" />
      </value>
    </option>
    <option name="DEFAULT_VALID_STRING_ESCAPE">
      <value>
        <option name="FOREGROUND" value="f7f7f7" />
        <option name="EFFECT_TYPE" value="0" />
      </value>
    </option>
    <option name="DELETED_TEXT_ATTRIBUTES">
      <value>
        <option name="FOREGROUND" value="6c6c6c" />
        <option name="EFFECT_TYPE" value="1" />
      </value>
    </option>
    <option name="DEPRECATED_ATTRIBUTES">
      <value>
        <option name="EFFECT_COLOR" value="404040" />
        <option name="EFFECT_TYPE" value="3" />
      </value>
    </option>
    <option name="DIFF_CONFLICT">
      <value>
        <option name="BACKGROUND" value="591010" />
        <option name="ERROR_STRIPE_COLOR" value="ff2e33" />
        <option name="EFFECT_TYPE" value="0" />
      </value>
    </option>
    <option name="DIFF_DELETED">
      <value>
        <option name="BACKGROUND" value="484848" />
        <option name="ERROR_STRIPE_COLOR" value="747474" />
        <option name="EFFECT_TYPE" value="0" />
      </value>
    </option>
    <option name="DIFF_INSERTED">
      <value>
        <option name="BACKGROUND" value="242e32" />
        <option name="ERROR_STRIPE_COLOR" value="91e6ec" />
        <option name="EFFECT_TYPE" value="0" />
      </value>
    </option>
    <option name="DIFF_MODIFIED">
      <value>
        <option name="BACKGROUND" value="242931" />
        <option name="ERROR_STRIPE_COLOR" value="304050" />
        <option name="EFFECT_TYPE" value="0" />
      </value>
    </option>
    <option name="DOC_COMMENT_TAG_VALUE">
      <value>
        <option name="FOREGROUND" value="aa00" />
        <option name="FONT_TYPE" value="2" />
        <option name="EFFECT_TYPE" value="0" />
      </value>
    </option>
    <option name="DUPLICATE_FROM_SERVER">
      <value>
        <option name="EFFECT_TYPE" value="0" />
      </value>
    </option>
    <option name="ECMAL4.ATTRIBUTE">
      <value>
        <option name="EFFECT_TYPE" value="-1" />
      </value>
    </option>
    <option name="ECMAL4.BADCHARACTER">
      <value>
        <option name="EFFECT_TYPE" value="0" />
      </value>
    </option>
    <option name="ECMAL4.DOC_MARKUP">
      <value>
        <option name="EFFECT_TYPE" value="0" />
      </value>
    </option>
    <option name="ECMAL4.DOC_TAG">
      <value>
        <option name="EFFECT_TYPE" value="0" />
      </value>
    </option>
    <option name="ECMAL4.INSTANCE_MEMBER_FUNCTION">
      <value>
        <option name="FOREGROUND" value="f8f858" />
        <option name="EFFECT_TYPE" value="-1" />
      </value>
    </option>
    <option name="ECMAL4.INSTANCE_MEMBER_VARIABLE">
      <value>
        <option name="FOREGROUND" value="cd1cf5" />
        <option name="EFFECT_TYPE" value="0" />
      </value>
    </option>
    <option name="ECMAL4.INVALID_STRING_ESCAPE">
      <value>
        <option name="FOREGROUND" value="ef00" />
        <option name="EFFECT_TYPE" value="0" />
      </value>
    </option>
    <option name="ECMAL4.KEYWORD">
      <value>
        <option name="FOREGROUND" value="778cff" />
        <option name="EFFECT_TYPE" value="0" />
      </value>
    </option>
    <option name="ECMAL4.PARAMETER">
      <value>
        <option name="FOREGROUND" value="fbfbfb" />
        <option name="EFFECT_COLOR" value="0" />
        <option name="EFFECT_TYPE" value="1" />
      </value>
    </option>
    <option name="ECMAL4.STATIC_MEMBER_VARIABLE">
      <value>
        <option name="FOREGROUND" value="cf1cf7" />
        <option name="FONT_TYPE" value="2" />
        <option name="EFFECT_TYPE" value="0" />
      </value>
    </option>
    <option name="ECMAL4.STRING">
      <value>
        <option name="FOREGROUND" value="f800" />
        <option name="EFFECT_TYPE" value="0" />
      </value>
    </option>
    <option name="ECMAL4.VALID_STRING_ESCAPE">
      <value>
        <option name="FOREGROUND" value="88b6fb" />
        <option name="EFFECT_TYPE" value="0" />
      </value>
    </option>
    <option name="EL.BOUNDS">
      <value>
        <option name="FOREGROUND" value="f92772" />
        <option name="EFFECT_TYPE" value="0" />
      </value>
    </option>
    <option name="EL.KEYWORD">
      <value>
        <option name="FOREGROUND" value="bce9fd" />
        <option name="EFFECT_TYPE" value="0" />
      </value>
    </option>
    <option name="EL.NUMBER">
      <value>
        <option name="FOREGROUND" value="bc95ff" />
        <option name="EFFECT_TYPE" value="0" />
      </value>
    </option>
    <option name="EL.STRING">
      <value>
        <option name="FOREGROUND" value="48ff60" />
        <option name="EFFECT_TYPE" value="0" />
      </value>
    </option>
    <option name="EL_BACKGROUND">
      <value>
        <option name="EFFECT_TYPE" value="0" />
      </value>
    </option>
    <option name="ENUM_CONST">
      <value>
        <option name="FOREGROUND" value="fcfcfc" />
        <option name="EFFECT_TYPE" value="-1" />
      </value>
    </option>
    <option name="ERRORS_ATTRIBUTES">
      <value>
        <option name="EFFECT_COLOR" value="d13534" />
        <option name="ERROR_STRIPE_COLOR" value="ff0000" />
        <option name="EFFECT_TYPE" value="2" />
      </value>
    </option>
    <option name="EXECUTIONPOINT_ATTRIBUTES">
      <value>
        <option name="FOREGROUND" value="ffffff" />
        <option name="BACKGROUND" value="ff" />
        <option name="EFFECT_TYPE" value="0" />
      </value>
    </option>
    <option name="FOLDED_TEXT_ATTRIBUTES">
      <value>
        <option name="FOREGROUND" value="cecece" />
        <option name="BACKGROUND" value="828c82" />
        <option name="EFFECT_TYPE" value="1" />
      </value>
    </option>
    <option name="FOLLOWED_HYPERLINK_ATTRIBUTES">
      <value>
        <option name="FOREGROUND" value="80d1ff" />
        <option name="FONT_TYPE" value="2" />
        <option name="EFFECT_COLOR" value="ff" />
        <option name="EFFECT_TYPE" value="1" />
      </value>
    </option>
    <option name="GENERIC_SERVER_ERROR_OR_WARNING">
      <value>
        <option name="EFFECT_COLOR" value="f49810" />
        <option name="ERROR_STRIPE_COLOR" value="f49810" />
        <option name="EFFECT_TYPE" value="2" />
      </value>
    </option>
    <option name="GHERKIN_KEYWORD">
      <value>
        <option name="FOREGROUND" value="bce9fd" />
        <option name="EFFECT_TYPE" value="0" />
      </value>
    </option>
    <option name="GHERKIN_OUTLINE_PARAMETER_SUBSTITUTION">
      <value>
        <option name="FOREGROUND" value="fd9620" />
        <option name="FONT_TYPE" value="2" />
        <option name="EFFECT_TYPE" value="0" />
      </value>
    </option>
    <option name="GHERKIN_PYSTRING">
      <value>
        <option name="FOREGROUND" value="48ff60" />
        <option name="EFFECT_TYPE" value="0" />
      </value>
    </option>
    <option name="GHERKIN_REGEXP_PARAMETER">
      <value>
        <option name="FOREGROUND" value="297bde" />
        <option name="EFFECT_TYPE" value="0" />
      </value>
    </option>
    <option name="GHERKIN_TABLE_CELL">
      <value>
        <option name="FOREGROUND" value="e6da74" />
        <option name="EFFECT_TYPE" value="0" />
      </value>
    </option>
    <option name="GHERKIN_TABLE_HEADER_CELL">
      <value>
        <option name="FOREGROUND" value="fd9620" />
        <option name="FONT_TYPE" value="2" />
        <option name="EFFECT_TYPE" value="0" />
      </value>
    </option>
    <option name="GHERKIN_TABLE_PIPE">
      <value>
        <option name="FOREGROUND" value="f92772" />
        <option name="EFFECT_TYPE" value="0" />
      </value>
    </option>
    <option name="GHERKIN_TAG">
      <value>
        <option name="FOREGROUND" value="bc95ff" />
        <option name="EFFECT_TYPE" value="0" />
      </value>
    </option>
    <option name="GROOVY_KEYWORD">
      <value>
        <option name="FOREGROUND" value="66d9ef" />
        <option name="EFFECT_TYPE" value="0" />
      </value>
    </option>
    <option name="GString">
      <value>
        <option name="FOREGROUND" value="bc95ff" />
        <option name="EFFECT_TYPE" value="0" />
      </value>
    </option>
    <option name="HAML_CLASS">
      <value>
        <option name="FOREGROUND" value="66d9ef" />
        <option name="EFFECT_TYPE" value="0" />
      </value>
    </option>
    <option name="HAML_FILTER">
      <value>
        <option name="FOREGROUND" value="800000" />
        <option name="EFFECT_TYPE" value="0" />
      </value>
    </option>
    <option name="HAML_FILTER_CONTENT">
      <value>
        <option name="FONT_TYPE" value="2" />
        <option name="EFFECT_TYPE" value="0" />
      </value>
    </option>
    <option name="HAML_ID">
      <value>
        <option name="FOREGROUND" value="800080" />
        <option name="EFFECT_TYPE" value="0" />
      </value>
    </option>
    <option name="HAML_RUBY_CODE">
      <value>
        <option name="EFFECT_TYPE" value="0" />
      </value>
    </option>
    <option name="HAML_RUBY_START">
      <value>
        <option name="FOREGROUND" value="80" />
        <option name="EFFECT_TYPE" value="0" />
      </value>
    </option>
    <option name="HAML_STRING">
      <value>
        <option name="FOREGROUND" value="48ff60" />
        <option name="EFFECT_TYPE" value="0" />
      </value>
    </option>
    <option name="HAML_STRING_INTERPOLATED">
      <value>
        <option name="FOREGROUND" value="bc95ff" />
        <option name="EFFECT_TYPE" value="0" />
      </value>
    </option>
    <option name="HAML_TAG">
      <value>
        <option name="FOREGROUND" value="f92772" />
        <option name="EFFECT_TYPE" value="0" />
      </value>
    </option>
    <option name="HAML_TAG_NAME">
      <value>
        <option name="FOREGROUND" value="bce9fd" />
        <option name="EFFECT_TYPE" value="0" />
      </value>
    </option>
    <option name="HAML_XHTML">
      <value>
        <option name="FONT_TYPE" value="2" />
        <option name="EFFECT_TYPE" value="0" />
      </value>
    </option>
    <option name="HANDLEBARS.DATA_PREFIX">
      <value>
        <option name="FOREGROUND" value="48ff60" />
        <option name="FONT_TYPE" value="1" />
        <option name="EFFECT_TYPE" value="0" />
      </value>
    </option>
    <option name="HANDLEBARS.ESCAPE">
      <value>
        <option name="FOREGROUND" value="48ff60" />
        <option name="FONT_TYPE" value="1" />
        <option name="EFFECT_TYPE" value="0" />
      </value>
    </option>
    <option name="HANDLEBARS.IDENTIFIERS">
      <value>
        <option name="FOREGROUND" value="e6c091" />
        <option name="EFFECT_TYPE" value="0" />
      </value>
    </option>
    <option name="HANDLEBARS.MUSTACHES">
      <value>
        <option name="FOREGROUND" value="48ff60" />
        <option name="EFFECT_TYPE" value="0" />
      </value>
    </option>
    <option name="HANDLEBARS.STRINGS">
      <value>
        <option name="FOREGROUND" value="bc95ff" />
        <option name="FONT_TYPE" value="1" />
        <option name="EFFECT_TYPE" value="0" />
      </value>
    </option>
    <option name="HANDLEBARS.VALUES">
      <value>
        <option name="FOREGROUND" value="bc95ff" />
        <option name="EFFECT_TYPE" value="0" />
      </value>
    </option>
    <option name="HTML_ATTRIBUTE_NAME">
      <value>
        <option name="FOREGROUND" value="bce9fd" />
        <option name="EFFECT_TYPE" value="0" />
      </value>
    </option>
    <option name="HTML_ATTRIBUTE_VALUE">
      <value>
        <option name="FOREGROUND" value="bc95ff" />
        <option name="EFFECT_TYPE" value="0" />
      </value>
    </option>
    <option name="HTML_ENTITY_REFERENCE">
      <value>
        <option name="FOREGROUND" value="f92772" />
        <option name="EFFECT_TYPE" value="0" />
      </value>
    </option>
    <option name="HTML_TAG">
      <value>
        <option name="EFFECT_TYPE" value="0" />
      </value>
    </option>
    <option name="HTML_TAG_NAME">
      <value>
        <option name="FOREGROUND" value="fd9620" />
        <option name="EFFECT_TYPE" value="0" />
      </value>
    </option>
    <option name="HYPERLINK_ATTRIBUTES">
      <value>
        <option name="FOREGROUND" value="80d1ff" />
        <option name="FONT_TYPE" value="2" />
        <option name="EFFECT_COLOR" value="ff" />
        <option name="EFFECT_TYPE" value="1" />
      </value>
    </option>
    <option name="Head symbol">
      <value>
        <option name="FOREGROUND" value="e5db74" />
        <option name="EFFECT_TYPE" value="0" />
      </value>
    </option>
    <option name="Here-document">
      <value>
        <option name="FOREGROUND" value="89d0e2" />
        <option name="EFFECT_TYPE" value="0" />
      </value>
    </option>
    <option name="Here-document end marker">
      <value>
        <option name="FOREGROUND" value="b0ff32" />
        <option name="EFFECT_TYPE" value="0" />
      </value>
    </option>
    <option name="IDENTIFIER_UNDER_CARET_ATTRIBUTES">
      <value>
        <option name="ERROR_STRIPE_COLOR" value="3d556b" />
        <option name="EFFECT_TYPE" value="0" />
      </value>
    </option>
    <option name="IMPLICIT_ANONYMOUS_CLASS_PARAMETER_ATTRIBUTES">
      <value>
        <option name="FOREGROUND" value="d1dae7" />
        <option name="EFFECT_TYPE" value="0" />
      </value>
    </option>
    <option name="INFO_ATTRIBUTES">
      <value>
        <option name="EFFECT_COLOR" value="cccccc" />
        <option name="ERROR_STRIPE_COLOR" value="ffffcc" />
        <option name="EFFECT_TYPE" value="2" />
      </value>
    </option>
    <option name="INJECTED_LANGUAGE_FRAGMENT">
      <value>
        <option name="EFFECT_TYPE" value="0" />
      </value>
    </option>
    <option name="INSTANCE_FIELD_ATTRIBUTES">
      <value>
        <option name="FOREGROUND" value="d1dae7" />
        <option name="EFFECT_TYPE" value="0" />
      </value>
    </option>
    <option name="INTERFACE_NAME_ATTRIBUTES">
      <value>
        <option name="EFFECT_TYPE" value="0" />
      </value>
    </option>
    <option name="IVAR">
      <value>
        <option name="FOREGROUND" value="b5dff2" />
        <option name="EFFECT_TYPE" value="-1" />
      </value>
    </option>
    <option name="Identifier">
      <value>
        <option name="FOREGROUND" value="cc7832" />
        <option name="EFFECT_TYPE" value="0" />
      </value>
    </option>
    <option name="Instance field">
      <value>
        <option name="FOREGROUND" value="f92772" />
        <option name="EFFECT_TYPE" value="0" />
      </value>
    </option>
    <option name="Instance property reference ID">
      <value>
        <option name="FOREGROUND" value="e6da74" />
        <option name="EFFECT_TYPE" value="0" />
      </value>
    </option>
    <option name="Invalid string escape">
      <value>
        <option name="FOREGROUND" value="48ff60" />
        <option name="EFFECT_TYPE" value="0" />
      </value>
    </option>
    <option name="JADE_ATTRIBUTE_NAME">
      <value>
        <option name="FOREGROUND" value="59ea5b" />
        <option name="EFFECT_TYPE" value="0" />
      </value>
    </option>
    <option name="JADE_DOCTYPE">
      <value>
        <option name="FOREGROUND" value="e6da74" />
        <option name="EFFECT_TYPE" value="0" />
      </value>
    </option>
    <option name="JADE_FILE_PATH">
      <value>
        <option name="FOREGROUND" value="fd000" />
        <option name="EFFECT_TYPE" value="0" />
      </value>
    </option>
    <option name="JADE_JS_BLOCK">
      <value>
        <option name="FOREGROUND" value="ffae59" />
        <option name="EFFECT_TYPE" value="0" />
      </value>
    </option>
    <option name="JADE_STATEMENTS">
      <value>
        <option name="FOREGROUND" value="e6da74" />
        <option name="EFFECT_TYPE" value="0" />
      </value>
    </option>
    <option name="JADE_TAG_CLASS">
      <value>
        <option name="FOREGROUND" value="bc95ff" />
        <option name="FONT_TYPE" value="2" />
        <option name="EFFECT_TYPE" value="1" />
      </value>
    </option>
    <option name="JADE_TAG_NAME">
      <value>
        <option name="FOREGROUND" value="66d9ef" />
        <option name="EFFECT_TYPE" value="0" />
      </value>
    </option>
    <option name="JADE_TEXT">
      <value>
        <option name="FOREGROUND" value="d7e7f6" />
        <option name="EFFECT_TYPE" value="0" />
      </value>
    </option>
    <option name="JAVA_COMMA">
      <value>
        <option name="FOREGROUND" value="cc7832" />
        <option name="EFFECT_TYPE" value="0" />
      </value>
    </option>
    <option name="JAVA_DOC_MARKUP">
      <value>
        <option name="EFFECT_TYPE" value="0" />
      </value>
    </option>
    <option name="JAVA_DOC_TAG">
      <value>
        <option name="EFFECT_COLOR" value="808080" />
        <option name="EFFECT_TYPE" value="1" />
      </value>
    </option>
    <option name="JAVA_INVALID_STRING_ESCAPE">
      <value>
        <option name="FOREGROUND" value="bdfbd6" />
        <option name="EFFECT_TYPE" value="0" />
      </value>
    </option>
    <option name="JAVA_KEYWORD">
      <value>
        <option name="FOREGROUND" value="66d9ef" />
        <option name="BACKGROUND" value="212121" />
        <option name="EFFECT_TYPE" value="0" />
      </value>
    </option>
    <option name="JAVA_NUMBER">
      <value>
        <option name="FOREGROUND" value="a581ff" />
        <option name="EFFECT_TYPE" value="0" />
      </value>
    </option>
    <option name="JAVA_OPERATION_SIGN">
      <value>
        <option name="FOREGROUND" value="f9276c" />
        <option name="EFFECT_TYPE" value="0" />
      </value>
    </option>
    <option name="JAVA_SEMICOLON">
      <value>
        <option name="FOREGROUND" value="cc7832" />
        <option name="EFFECT_TYPE" value="0" />
      </value>
    </option>
    <option name="JAVA_STRING">
      <value>
        <option name="FOREGROUND" value="a581ff" />
        <option name="EFFECT_TYPE" value="0" />
      </value>
    </option>
    <option name="JAVA_VALID_STRING_ESCAPE">
      <value>
        <option name="FOREGROUND" value="d1dae7" />
        <option name="EFFECT_TYPE" value="0" />
      </value>
    </option>
    <option name="JS.BADCHARACTER">
      <value>
        <option name="EFFECT_COLOR" value="ffb5bc" />
        <option name="EFFECT_TYPE" value="1" />
      </value>
    </option>
    <option name="JS.DOC_COMMENT">
      <value>
        <option name="FOREGROUND" value="75715e" />
        <option name="FONT_TYPE" value="2" />
        <option name="EFFECT_TYPE" value="0" />
      </value>
    </option>
    <option name="JS.GLOBAL_FUNCTION">
      <value>
        <option name="FOREGROUND" value="48ff60" />
        <option name="FONT_TYPE" value="2" />
        <option name="EFFECT_TYPE" value="0" />
      </value>
    </option>
    <option name="JS.GLOBAL_VARIABLE">
      <value>
        <option name="FOREGROUND" value="fff9fc" />
        <option name="EFFECT_TYPE" value="0" />
      </value>
    </option>
    <option name="JS.INSTANCE_MEMBER_FUNCTION">
      <value>
        <option name="FOREGROUND" value="e6da74" />
        <option name="FONT_TYPE" value="2" />
        <option name="EFFECT_TYPE" value="-1" />
      </value>
    </option>
    <option name="JS.INSTANCE_MEMBER_VARIABLE">
      <value>
        <option name="FOREGROUND" value="ffffff" />
        <option name="EFFECT_TYPE" value="0" />
      </value>
    </option>
    <option name="JS.INVALID_STRING_ESCAPE">
      <value>
        <option name="FOREGROUND" value="8000" />
        <option name="EFFECT_TYPE" value="0" />
      </value>
    </option>
    <option name="JS.KEYWORD">
      <value>
        <option name="FOREGROUND" value="66d9ef" />
        <option name="FONT_TYPE" value="2" />
        <option name="EFFECT_TYPE" value="0" />
      </value>
    </option>
    <option name="JS.LOCAL_VARIABLE">
      <value>
        <option name="FOREGROUND" value="bce9fd" />
        <option name="EFFECT_TYPE" value="-1" />
      </value>
    </option>
    <option name="JS.NUMBER">
      <value>
        <option name="FOREGROUND" value="ae81ff" />
        <option name="EFFECT_TYPE" value="0" />
      </value>
    </option>
    <option name="JS.OPERATION_SIGN">
      <value>
        <option name="FOREGROUND" value="f92772" />
        <option name="EFFECT_TYPE" value="0" />
      </value>
    </option>
    <option name="JS.PARAMETER">
      <value>
        <option name="FOREGROUND" value="fd9620" />
        <option name="EFFECT_COLOR" value="c3c3c3" />
        <option name="EFFECT_TYPE" value="1" />
      </value>
    </option>
    <option name="JS.REGEXP">
      <value>
        <option name="FOREGROUND" value="4761b0" />
        <option name="EFFECT_TYPE" value="-1" />
      </value>
    </option>
    <option name="JS.STRING">
      <value>
        <option name="FOREGROUND" value="bc95ff" />
        <option name="EFFECT_TYPE" value="0" />
      </value>
    </option>
    <option name="JS.VALID_STRING_ESCAPE">
      <value>
        <option name="FOREGROUND" value="475bff" />
        <option name="EFFECT_TYPE" value="0" />
      </value>
    </option>
    <option name="JSP_ATTRIBUTE_NAME">
      <value>
        <option name="FOREGROUND" value="e6da74" />
        <option name="EFFECT_TYPE" value="0" />
      </value>
    </option>
    <option name="JSP_ATTRIBUTE_VALUE">
      <value>
        <option name="FOREGROUND" value="bc95ff" />
        <option name="EFFECT_TYPE" value="0" />
      </value>
    </option>
    <option name="JSP_DIRECTIVE_BACKGROUND">
      <value>
        <option name="FOREGROUND" value="66d9ef" />
        <option name="FONT_TYPE" value="2" />
        <option name="EFFECT_TYPE" value="0" />
      </value>
    </option>
    <option name="JSP_DIRECTIVE_NAME">
      <value>
        <option name="FOREGROUND" value="fd9620" />
        <option name="EFFECT_TYPE" value="0" />
      </value>
    </option>
    <option name="JSP_SCRIPTING_BACKGROUND">
      <value>
        <option name="FOREGROUND" value="ffffff" />
        <option name="EFFECT_TYPE" value="0" />
      </value>
    </option>
    <option name="Keyword">
      <value>
        <option name="FOREGROUND" value="faff" />
        <option name="EFFECT_TYPE" value="0" />
      </value>
    </option>
    <option name="LABEL">
      <value>
        <option name="FOREGROUND" value="e5db74" />
        <option name="FONT_TYPE" value="2" />
        <option name="EFFECT_TYPE" value="-1" />
      </value>
    </option>
    <option name="LESS_INJECTED_CODE">
      <value>
        <option name="FOREGROUND" value="e6da74" />
        <option name="EFFECT_TYPE" value="0" />
      </value>
    </option>
    <option name="LESS_JS_CODE_DELIM">
      <value>
        <option name="FOREGROUND" value="f92772" />
        <option name="FONT_TYPE" value="1" />
        <option name="EFFECT_TYPE" value="0" />
      </value>
    </option>
    <option name="LESS_VARIABLE">
      <value>
        <option name="FOREGROUND" value="bce9fd" />
        <option name="EFFECT_TYPE" value="0" />
      </value>
    </option>
    <option name="LINE_FULL_COVERAGE">
      <value>
        <option name="FOREGROUND" value="e6da74" />
        <option name="EFFECT_TYPE" value="0" />
      </value>
    </option>
    <option name="LINE_NONE_COVERAGE">
      <value>
        <option name="FOREGROUND" value="48ff60" />
        <option name="FONT_TYPE" value="1" />
        <option name="EFFECT_TYPE" value="0" />
      </value>
    </option>
    <option name="LINE_PARTIAL_COVERAGE">
      <value>
        <option name="FOREGROUND" value="bc95ff" />
        <option name="FONT_TYPE" value="1" />
        <option name="EFFECT_TYPE" value="0" />
      </value>
    </option>
    <option name="LIVE_TEMPLATE_ATTRIBUTES">
      <value>
        <option name="EFFECT_COLOR" value="ff0000" />
        <option name="EFFECT_TYPE" value="0" />
      </value>
    </option>
    <option name="LOCAL_VARIABLE_ATTRIBUTES">
      <value>
        <option name="FOREGROUND" value="bce9fd" />
        <option name="EFFECT_TYPE" value="0" />
      </value>
    </option>
    <option name="LOGCAT_ASSERT_OUTPUT">
      <value>
        <option name="FOREGROUND" value="ff0000" />
        <option name="EFFECT_TYPE" value="0" />
      </value>
    </option>
    <option name="LOGCAT_DEBUG_OUTPUT">
      <value>
        <option name="FOREGROUND" value="f9f9f9" />
        <option name="EFFECT_TYPE" value="0" />
      </value>
    </option>
    <option name="LOGCAT_ERROR_OUTPUT">
      <value>
        <option name="FOREGROUND" value="fa0000" />
        <option name="EFFECT_TYPE" value="0" />
      </value>
    </option>
    <option name="LOGCAT_INFO_OUTPUT">
      <value>
        <option name="EFFECT_TYPE" value="0" />
      </value>
    </option>
    <option name="LOGCAT_VERBOSE_OUTPUT">
      <value>
        <option name="FOREGROUND" value="fbfbfb" />
        <option name="EFFECT_TYPE" value="0" />
      </value>
    </option>
    <option name="LOGCAT_WARNING_OUTPUT">
      <value>
        <option name="FOREGROUND" value="63a6ff" />
        <option name="EFFECT_TYPE" value="0" />
      </value>
    </option>
    <option name="LOG_ERROR_OUTPUT">
      <value>
        <option name="FOREGROUND" value="e6da74" />
        <option name="EFFECT_TYPE" value="0" />
      </value>
    </option>
    <option name="LOG_EXPIRED_ENTRY">
      <value>
        <option name="FOREGROUND" value="bababa" />
        <option name="EFFECT_TYPE" value="0" />
      </value>
    </option>
    <option name="LOG_WARNING_OUTPUT">
      <value>
        <option name="FOREGROUND" value="f92772" />
        <option name="EFFECT_TYPE" value="0" />
      </value>
    </option>
    <option name="List/map to object conversion">
      <value>
        <option name="FOREGROUND" value="ff64d9" />
        <option name="FONT_TYPE" value="1" />
        <option name="EFFECT_TYPE" value="0" />
      </value>
    </option>
    <option name="MACRONAME">
      <value>
        <option name="FOREGROUND" value="64d1e5" />
        <option name="EFFECT_TYPE" value="-1" />
      </value>
    </option>
    <option name="MACRO_PARAMETER">
      <value>
        <option name="EFFECT_TYPE" value="-1" />
      </value>
    </option>
    <option name="MARKDOWN.AUTO_LINK">
      <value>
        <option name="FOREGROUND" value="bce9fd" />
        <option name="EFFECT_TYPE" value="-1" />
      </value>
    </option>
    <option name="MARKDOWN.EXPLICIT_LINK">
      <value>
        <option name="FOREGROUND" value="9bff" />
        <option name="EFFECT_TYPE" value="-1" />
      </value>
    </option>
    <option name="MARKDOWN.HEADER_LEVEL_1">
      <value>
        <option name="FOREGROUND" value="66d9ef" />
        <option name="EFFECT_TYPE" value="0" />
      </value>
    </option>
    <option name="MARKDOWN.HEADER_LEVEL_2">
      <value>
        <option name="FOREGROUND" value="66d9ef" />
        <option name="EFFECT_TYPE" value="0" />
      </value>
    </option>
    <option name="MARKDOWN.HEADER_LEVEL_3">
      <value>
        <option name="FOREGROUND" value="66d9ef" />
        <option name="EFFECT_TYPE" value="0" />
      </value>
    </option>
    <option name="MARKDOWN.HEADER_LEVEL_4">
      <value>
        <option name="FOREGROUND" value="66d9ef" />
        <option name="EFFECT_TYPE" value="0" />
      </value>
    </option>
    <option name="MARKDOWN.IMAGE">
      <value>
        <option name="FOREGROUND" value="48ff60" />
        <option name="EFFECT_TYPE" value="-1" />
      </value>
    </option>
    <option name="MARKDOWN.MAIL_LINK">
      <value>
        <option name="FOREGROUND" value="bce9fd" />
        <option name="EFFECT_TYPE" value="-1" />
      </value>
    </option>
    <option name="MARKDOWN.REFERENCE_IMAGE">
      <value>
        <option name="FOREGROUND" value="48ff60" />
        <option name="EFFECT_TYPE" value="-1" />
      </value>
    </option>
    <option name="MARKDOWN.REFERENCE_LINK">
      <value>
        <option name="FOREGROUND" value="bce9fd" />
        <option name="EFFECT_TYPE" value="-1" />
      </value>
    </option>
    <option name="MARKDOWN.WIKI_LINK">
      <value>
        <option name="FOREGROUND" value="bce9fd" />
        <option name="EFFECT_TYPE" value="-1" />
      </value>
    </option>
    <option name="MATCHED_BRACE_ATTRIBUTES">
      <value>
        <option name="BACKGROUND" value="3a5469" />
        <option name="EFFECT_TYPE" value="0" />
      </value>
    </option>
    <option name="MESSAGE_ARGUMENT">
      <value>
        <option name="FOREGROUND" value="e5db74" />
        <option name="EFFECT_TYPE" value="-1" />
      </value>
    </option>
    <option name="METHOD_CALL_ATTRIBUTES">
      <value>
        <option name="FOREGROUND" value="e5db74" />
        <option name="EFFECT_TYPE" value="0" />
      </value>
    </option>
    <option name="METHOD_DECLARATION_ATTRIBUTES">
      <value>
        <option name="EFFECT_TYPE" value="0" />
      </value>
    </option>
    <option name="Map key">
      <value>
        <option name="FOREGROUND" value="1ff00" />
        <option name="EFFECT_TYPE" value="0" />
      </value>
    </option>
    <option name="NOT_USED_ELEMENT_ATTRIBUTES">
      <value>
        <option name="FOREGROUND" value="b2b2b2" />
        <option name="EFFECT_COLOR" value="b2b2b2" />
        <option name="EFFECT_TYPE" value="2" />
      </value>
    </option>
    <option name="Number">
      <value>
        <option name="FOREGROUND" value="bc95ff" />
        <option name="EFFECT_TYPE" value="0" />
      </value>
    </option>
    <option name="Number sign">
      <value>
        <option name="FOREGROUND" value="f8f858" />
        <option name="EFFECT_TYPE" value="0" />
      </value>
    </option>
    <option name="OC.BADCHARACTER">
      <value>
        <option name="EFFECT_TYPE" value="0" />
      </value>
    </option>
    <option name="OC.BLOCK_COMMENT">
      <value>
        <option name="FOREGROUND" value="808080" />
        <option name="FONT_TYPE" value="2" />
        <option name="EFFECT_TYPE" value="0" />
      </value>
    </option>
    <option name="OC.BRACES">
      <value>
        <option name="EFFECT_TYPE" value="0" />
      </value>
    </option>
    <option name="OC.BRACKETS">
      <value>
        <option name="EFFECT_TYPE" value="0" />
      </value>
    </option>
    <option name="OC.COMMA">
      <value>
        <option name="FOREGROUND" value="cc7832" />
        <option name="EFFECT_TYPE" value="0" />
      </value>
    </option>
    <option name="OC.DIRECTIVE">
      <value>
        <option name="FOREGROUND" value="64d1e5" />
        <option name="EFFECT_TYPE" value="-1" />
      </value>
    </option>
    <option name="OC.DOT">
      <value>
        <option name="EFFECT_TYPE" value="0" />
      </value>
    </option>
    <option name="OC.EXTERN_VARIABLE">
      <value>
        <option name="FOREGROUND" value="b5dff2" />
        <option name="EFFECT_COLOR" value="b5dff2" />
        <option name="EFFECT_TYPE" value="1" />
      </value>
    </option>
    <option name="OC.FUNCTION">
      <value>
        <option name="FOREGROUND" value="e5db74" />
        <option name="EFFECT_TYPE" value="-1" />
      </value>
    </option>
    <option name="OC.GLOBAL_VARIABLE">
      <value>
        <option name="FOREGROUND" value="48ff60" />
        <option name="EFFECT_TYPE" value="-1" />
      </value>
    </option>
    <option name="OC.INVALID_STRING_ESCAPE">
      <value>
        <option name="FOREGROUND" value="8000" />
        <option name="BACKGROUND" value="ffcccc" />
        <option name="EFFECT_TYPE" value="0" />
      </value>
    </option>
    <option name="OC.KEYWORD">
      <value>
        <option name="FOREGROUND" value="66d9ef" />
        <option name="EFFECT_TYPE" value="0" />
      </value>
    </option>
    <option name="OC.LINE_COMMENT">
      <value>
        <option name="FOREGROUND" value="726d5c" />
        <option name="FONT_TYPE" value="2" />
        <option name="EFFECT_TYPE" value="0" />
      </value>
    </option>
    <option name="OC.LOCAL_VARIABLE">
      <value>
        <option name="FOREGROUND" value="b5dff2" />
        <option name="EFFECT_TYPE" value="-1" />
      </value>
    </option>
    <option name="OC.NUMBER">
      <value>
        <option name="FOREGROUND" value="bc95ff" />
        <option name="EFFECT_TYPE" value="0" />
      </value>
    </option>
    <option name="OC.OPERATION_SIGN">
      <value>
        <option name="FOREGROUND" value="f9276c" />
        <option name="EFFECT_TYPE" value="0" />
      </value>
    </option>
    <option name="OC.PARAMETER">
      <value>
        <option name="FOREGROUND" value="ff9720" />
        <option name="EFFECT_TYPE" value="-1" />
      </value>
    </option>
    <option name="OC.PARENTHS">
      <value>
        <option name="EFFECT_TYPE" value="0" />
      </value>
    </option>
    <option name="OC.PROPERTY">
      <value>
        <option name="FOREGROUND" value="fcfcfc" />
        <option name="EFFECT_TYPE" value="-1" />
      </value>
    </option>
    <option name="OC.SELFSUPERTHIS">
      <value>
        <option name="FOREGROUND" value="b5dff2" />
        <option name="EFFECT_TYPE" value="0" />
      </value>
    </option>
    <option name="OC.SEMICOLON">
      <value>
        <option name="FOREGROUND" value="fd9620" />
        <option name="EFFECT_TYPE" value="0" />
      </value>
    </option>
    <option name="OC.STRING">
      <value>
        <option name="FOREGROUND" value="bc95ff" />
        <option name="EFFECT_TYPE" value="0" />
      </value>
    </option>
    <option name="OC.STRUCT_FIELD">
      <value>
        <option name="FOREGROUND" value="e5db74" />
        <option name="EFFECT_TYPE" value="-1" />
      </value>
    </option>
    <option name="OC.VALID_STRING_ESCAPE">
      <value>
        <option name="FOREGROUND" value="6663f7" />
        <option name="EFFECT_TYPE" value="0" />
      </value>
    </option>
    <option name="OC_FORMAT_TOKEN">
      <value>
        <option name="FOREGROUND" value="f7f7f7" />
        <option name="EFFECT_TYPE" value="0" />
      </value>
    </option>
    <option name="OGNL.BACKGROUND">
      <value>
        <option name="EFFECT_TYPE" value="0" />
      </value>
    </option>
    <option name="OGNL.EXPRESSION">
      <value>
        <option name="FOREGROUND" value="bce9fd" />
        <option name="EFFECT_TYPE" value="0" />
      </value>
    </option>
    <option name="OGNL.KEYWORDS">
      <value>
        <option name="FOREGROUND" value="bc95ff" />
        <option name="EFFECT_TYPE" value="0" />
      </value>
    </option>
    <option name="OGNL.NUMBER">
      <value>
        <option name="FOREGROUND" value="f92772" />
        <option name="EFFECT_TYPE" value="0" />
      </value>
    </option>
    <option name="OGNL.STRING">
      <value>
        <option name="FOREGROUND" value="48ff60" />
        <option name="EFFECT_TYPE" value="0" />
      </value>
    </option>
    <option name="OVERLOADED_OPERATOR">
      <value>
        <option name="FOREGROUND" value="8080" />
        <option name="EFFECT_TYPE" value="-1" />
      </value>
    </option>
    <option name="Operator or identifier">
      <value>
        <option name="FOREGROUND" value="f9276c" />
        <option name="EFFECT_TYPE" value="0" />
      </value>
    </option>
    <option name="PARAMETER_ATTRIBUTES">
      <value>
        <option name="FOREGROUND" value="ff992f" />
        <option name="EFFECT_COLOR" value="ffffff" />
        <option name="EFFECT_TYPE" value="1" />
      </value>
    </option>
    <option name="PHP_KEYWORD">
      <value>
        <option name="FOREGROUND" value="e6da74" />
        <option name="EFFECT_TYPE" value="0" />
      </value>
    </option>
    <option name="PHP_NUMBER">
      <value>
        <option name="FOREGROUND" value="bc95ff" />
        <option name="EFFECT_TYPE" value="0" />
      </value>
    </option>
    <option name="PHP_OPERATION_SIGN">
      <value>
        <option name="FOREGROUND" value="f92772" />
        <option name="EFFECT_TYPE" value="0" />
      </value>
    </option>
    <option name="PHP_SCRIPTING_BACKGROUND">
      <value>
        <option name="BACKGROUND" value="282828" />
        <option name="EFFECT_TYPE" value="0" />
      </value>
    </option>
    <option name="PHP_STRING">
      <value>
        <option name="FOREGROUND" value="ae81ff" />
        <option name="EFFECT_TYPE" value="0" />
      </value>
    </option>
    <option name="PHP_TAG">
      <value>
        <option name="FOREGROUND" value="fd9620" />
        <option name="EFFECT_TYPE" value="0" />
      </value>
    </option>
    <option name="PHP_VAR">
      <value>
        <option name="FOREGROUND" value="bce9fd" />
        <option name="EFFECT_TYPE" value="0" />
      </value>
    </option>
    <option name="PROPERTIES.INVALID_STRING_ESCAPE">
      <value>
        <option name="FOREGROUND" value="e6da74" />
        <option name="EFFECT_COLOR" value="f92772" />
        <option name="EFFECT_TYPE" value="1" />
      </value>
    </option>
    <option name="PROPERTIES.KEY">
      <value>
        <option name="FOREGROUND" value="bce9fd" />
        <option name="EFFECT_TYPE" value="1" />
      </value>
    </option>
    <option name="PROPERTIES.KEY_VALUE_SEPARATOR">
      <value>
        <option name="FOREGROUND" value="808080" />
        <option name="EFFECT_TYPE" value="0" />
      </value>
    </option>
    <option name="PROPERTIES.VALID_STRING_ESCAPE">
      <value>
        <option name="FOREGROUND" value="f92772" />
        <option name="FONT_TYPE" value="1" />
        <option name="EFFECT_TYPE" value="0" />
      </value>
    </option>
    <option name="PROPERTIES.VALUE">
      <value>
        <option name="FOREGROUND" value="bc95ff" />
        <option name="FONT_TYPE" value="1" />
        <option name="EFFECT_TYPE" value="0" />
      </value>
    </option>
    <option name="PROPERTY_ATTRIBUTE">
      <value>
        <option name="EFFECT_TYPE" value="-1" />
      </value>
    </option>
    <option name="PROTOCOL_REFERENCE">
      <value>
        <option name="FOREGROUND" value="fcfcfc" />
        <option name="EFFECT_TYPE" value="-1" />
      </value>
    </option>
    <option name="PUPPET_KEYWORD">
      <value>
        <option name="FOREGROUND" value="66d9ef" />
        <option name="EFFECT_TYPE" value="0" />
      </value>
    </option>
    <option name="PUPPET_NAME">
      <value>
        <option name="FOREGROUND" value="e6da74" />
        <option name="EFFECT_TYPE" value="0" />
      </value>
    </option>
    <option name="PUPPET_NUMBER">
      <value>
        <option name="FOREGROUND" value="48ff60" />
        <option name="EFFECT_TYPE" value="0" />
      </value>
    </option>
    <option name="PUPPET_SQ_STRING">
      <value>
        <option name="FOREGROUND" value="bc95ff" />
        <option name="EFFECT_TYPE" value="0" />
      </value>
    </option>
    <option name="PUPPET_STRING">
      <value>
        <option name="FOREGROUND" value="bc95ff" />
        <option name="EFFECT_TYPE" value="0" />
      </value>
    </option>
    <option name="PUPPET_VARIABLE">
      <value>
        <option name="FOREGROUND" value="bce9fd" />
        <option name="EFFECT_TYPE" value="0" />
      </value>
    </option>
    <option name="PUPPET_VARIABLE_INTERPOLATION">
      <value>
        <option name="FOREGROUND" value="fd9620" />
        <option name="EFFECT_TYPE" value="0" />
      </value>
    </option>
    <option name="PY.BUILTIN_NAME">
      <value>
        <option name="FOREGROUND" value="e6da74" />
        <option name="EFFECT_TYPE" value="-1" />
      </value>
    </option>
    <option name="PY.CLASS_DEFINITION">
      <value>
        <option name="FOREGROUND" value="48ff60" />
        <option name="EFFECT_TYPE" value="-1" />
      </value>
    </option>
    <option name="PY.DECORATOR">
      <value>
        <option name="FOREGROUND" value="48ff60" />
        <option name="EFFECT_TYPE" value="-1" />
      </value>
    </option>
    <option name="PY.DOC_COMMENT">
      <value>
        <option name="FOREGROUND" value="8a8383" />
        <option name="EFFECT_TYPE" value="0" />
      </value>
    </option>
    <option name="PY.FUNC_DEFINITION">
      <value>
        <option name="FOREGROUND" value="e6da74" />
        <option name="EFFECT_TYPE" value="-1" />
      </value>
    </option>
    <option name="PY.INVALID_STRING_ESCAPE">
      <value>
        <option name="FOREGROUND" value="475bff" />
        <option name="EFFECT_COLOR" value="ff0000" />
        <option name="EFFECT_TYPE" value="2" />
      </value>
    </option>
    <option name="PY.KEYWORD">
      <value>
        <option name="FOREGROUND" value="66d9ef" />
        <option name="EFFECT_TYPE" value="0" />
      </value>
    </option>
    <option name="PY.KEYWORD_ARGUMENT">
      <value>
        <option name="FOREGROUND" value="fd9620" />
        <option name="EFFECT_TYPE" value="-1" />
      </value>
    </option>
    <option name="PY.NUMBER">
      <value>
        <option name="FOREGROUND" value="bc95ff" />
        <option name="EFFECT_TYPE" value="0" />
      </value>
    </option>
    <option name="PY.PARAMETER">
      <value>
        <option name="FOREGROUND" value="fd9620" />
        <option name="EFFECT_TYPE" value="0" />
      </value>
    </option>
    <option name="PY.PREDEFINED_DEFINITION">
      <value>
        <option name="FOREGROUND" value="48ff60" />
        <option name="EFFECT_TYPE" value="-1" />
      </value>
    </option>
    <option name="PY.PREDEFINED_USAGE">
      <value>
        <option name="FOREGROUND" value="48ff60" />
        <option name="EFFECT_TYPE" value="-1" />
      </value>
    </option>
    <option name="PY.SELF_PARAMETER">
      <value>
        <option name="FOREGROUND" value="bce9fd" />
        <option name="EFFECT_TYPE" value="-1" />
      </value>
    </option>
    <option name="PY.STRING.B">
      <value>
        <option name="FOREGROUND" value="bc95ff" />
        <option name="EFFECT_TYPE" value="0" />
      </value>
    </option>
    <option name="PY.STRING.U">
      <value>
        <option name="FOREGROUND" value="bc95ff" />
        <option name="EFFECT_TYPE" value="-1" />
      </value>
    </option>
    <option name="PY.VALID_STRING_ESCAPE">
      <value>
        <option name="FOREGROUND" value="475bff" />
        <option name="EFFECT_TYPE" value="0" />
      </value>
    </option>
    <option name="QL_ATTRIBUTE">
      <value>
        <option name="FOREGROUND" value="fbfbfb" />
        <option name="EFFECT_TYPE" value="0" />
      </value>
    </option>
    <option name="QL_DATETIME">
      <value>
        <option name="FOREGROUND" value="f92772" />
        <option name="EFFECT_TYPE" value="0" />
      </value>
    </option>
    <option name="QL_FUNCTION">
      <value>
        <option name="FOREGROUND" value="e6da74" />
        <option name="FONT_TYPE" value="2" />
        <option name="EFFECT_TYPE" value="0" />
      </value>
    </option>
    <option name="QL_ID_VARIABLE">
      <value>
        <option name="FOREGROUND" value="fd9620" />
        <option name="EFFECT_TYPE" value="0" />
      </value>
    </option>
    <option name="QL_KEYWORD">
      <value>
        <option name="FOREGROUND" value="66d9ef" />
        <option name="EFFECT_TYPE" value="0" />
      </value>
    </option>
    <option name="QL_NUMBER">
      <value>
        <option name="FOREGROUND" value="bc95ff" />
        <option name="EFFECT_TYPE" value="0" />
      </value>
    </option>
    <option name="QL_PARAMETER">
      <value>
        <option name="FOREGROUND" value="48ff60" />
        <option name="EFFECT_TYPE" value="0" />
      </value>
    </option>
    <option name="QL_STRING">
      <value>
        <option name="FOREGROUND" value="bc95ff" />
        <option name="EFFECT_TYPE" value="0" />
      </value>
    </option>
    <option name="Quoted number">
      <value>
        <option name="FOREGROUND" value="94d7ff" />
        <option name="EFFECT_TYPE" value="0" />
      </value>
    </option>
    <option name="Quoted string">
      <value>
        <option name="FOREGROUND" value="97c07f" />
        <option name="EFFECT_TYPE" value="0" />
      </value>
    </option>
    <option name="Quoted text">
      <value>
        <option name="FOREGROUND" value="f1ffff" />
        <option name="BACKGROUND" value="2b2b2b" />
        <option name="EFFECT_TYPE" value="5" />
      </value>
    </option>
    <option name="REASSIGNED_LOCAL_VARIABLE_ATTRIBUTES">
      <value>
        <option name="EFFECT_TYPE" value="0" />
      </value>
    </option>
    <option name="REASSIGNED_PARAMETER_ATTRIBUTES">
      <value>
        <option name="FOREGROUND" value="ff9720" />
        <option name="EFFECT_COLOR" value="ffffff" />
        <option name="EFFECT_TYPE" value="1" />
      </value>
    </option>
    <option name="REGEXP.BRACES">
      <value>
        <option name="FOREGROUND" value="e8bf6a" />
        <option name="EFFECT_TYPE" value="0" />
      </value>
    </option>
    <option name="REGEXP.BRACKETS">
      <value>
        <option name="FOREGROUND" value="e8bf6a" />
        <option name="EFFECT_TYPE" value="0" />
      </value>
    </option>
    <option name="REGEXP.CHAR_CLASS">
      <value>
        <option name="FOREGROUND" value="fd9620" />
        <option name="EFFECT_TYPE" value="0" />
      </value>
    </option>
    <option name="REGEXP.ESC_CHARACTER">
      <value>
        <option name="FOREGROUND" value="bce9fd" />
        <option name="EFFECT_TYPE" value="0" />
      </value>
    </option>
    <option name="REGEXP.INVALID_STRING_ESCAPE">
      <value>
        <option name="FOREGROUND" value="48ff60" />
        <option name="EFFECT_TYPE" value="0" />
      </value>
    </option>
    <option name="REGEXP.META">
      <value>
        <option name="FOREGROUND" value="f92772" />
        <option name="EFFECT_TYPE" value="0" />
      </value>
    </option>
    <option name="REGEXP.PARENTHS">
      <value>
        <option name="FOREGROUND" value="e8bf6a" />
        <option name="EFFECT_TYPE" value="0" />
      </value>
    </option>
    <option name="REGEXP.QUOTE_CHARACTER">
      <value>
        <option name="FOREGROUND" value="e6da74" />
        <option name="EFFECT_TYPE" value="0" />
      </value>
    </option>
    <option name="REGEXP.REDUNDANT_ESCAPE">
      <value>
        <option name="FOREGROUND" value="9bff" />
        <option name="EFFECT_TYPE" value="0" />
      </value>
    </option>
    <option name="SASS_ATTRIBUTE">
      <value>
        <option name="FOREGROUND" value="bce9fd" />
        <option name="EFFECT_TYPE" value="0" />
      </value>
    </option>
    <option name="SASS_CONSTANT">
      <value>
        <option name="FOREGROUND" value="bc95ff" />
        <option name="EFFECT_TYPE" value="0" />
      </value>
    </option>
    <option name="SASS_DIRECTIVE">
      <value>
        <option name="FOREGROUND" value="fd9620" />
        <option name="EFFECT_TYPE" value="0" />
      </value>
    </option>
    <option name="SASS_IDENTIFIER">
      <value>
        <option name="FOREGROUND" value="fd9620" />
        <option name="EFFECT_TYPE" value="0" />
      </value>
    </option>
    <option name="SASS_MIXIN">
      <value>
        <option name="FOREGROUND" value="e6da74" />
        <option name="EFFECT_TYPE" value="0" />
      </value>
    </option>
    <option name="SASS_NUMBER">
      <value>
        <option name="FOREGROUND" value="48ff60" />
        <option name="EFFECT_TYPE" value="0" />
      </value>
    </option>
    <option name="SASS_RULE">
      <value>
        <option name="FOREGROUND" value="e6da74" />
        <option name="EFFECT_TYPE" value="0" />
      </value>
    </option>
    <option name="SASS_STRING">
      <value>
        <option name="FOREGROUND" value="48ff60" />
        <option name="EFFECT_TYPE" value="0" />
      </value>
    </option>
    <option name="SASS_VARIABLE">
      <value>
        <option name="EFFECT_TYPE" value="0" />
      </value>
    </option>
    <option name="SCOPE_KEY_All">
      <value>
        <option name="EFFECT_TYPE" value="0" />
      </value>
    </option>
    <option name="SCOPE_KEY_Ignore">
      <value>
        <option name="EFFECT_TYPE" value="0" />
      </value>
    </option>
    <option name="SCOPE_KEY_Ignore-Config">
      <value>
        <option name="EFFECT_TYPE" value="0" />
      </value>
    </option>
    <option name="SCOPE_KEY_LB-1928 - Person Edit Modals">
      <value>
        <option name="EFFECT_TYPE" value="0" />
      </value>
    </option>
    <option name="SCOPE_KEY_Non-Project Files">
      <value>
        <option name="EFFECT_TYPE" value="0" />
      </value>
    </option>
    <option name="SCOPE_KEY_Problems">
      <value>
        <option name="EFFECT_TYPE" value="0" />
      </value>
    </option>
    <option name="SCOPE_KEY_Production">
      <value>
        <option name="EFFECT_TYPE" value="0" />
      </value>
    </option>
    <option name="SCOPE_KEY_Project Files">
      <value>
        <option name="EFFECT_TYPE" value="0" />
      </value>
    </option>
    <option name="SCOPE_KEY_Rollback">
      <value>
        <option name="EFFECT_TYPE" value="0" />
      </value>
    </option>
    <option name="SCOPE_KEY_TempIgnore">
      <value>
        <option name="EFFECT_TYPE" value="0" />
      </value>
    </option>
    <option name="SCOPE_KEY_Tests">
      <value>
        <option name="EFFECT_TYPE" value="0" />
      </value>
    </option>
    <option name="SEARCH_RESULT_ATTRIBUTES">
      <value>
        <option name="FOREGROUND" value="500000" />
        <option name="BACKGROUND" value="ffe792" />
        <option name="EFFECT_TYPE" value="0" />
      </value>
    </option>
    <option name="SPY-JS.EXCEPTION">
      <value>
        <option name="BACKGROUND" value="ffcccc" />
        <option name="EFFECT_TYPE" value="2" />
      </value>
    </option>
    <option name="SPY-JS.FUNCTION_SCOPE">
      <value>
        <option name="BACKGROUND" value="ffffd7" />
        <option name="EFFECT_TYPE" value="2" />
      </value>
    </option>
    <option name="SPY-JS.PATH_LEVEL_ONE">
      <value>
        <option name="BACKGROUND" value="e2ffe2" />
        <option name="EFFECT_TYPE" value="2" />
      </value>
    </option>
    <option name="SPY-JS.PATH_LEVEL_TWO">
      <value>
        <option name="EFFECT_COLOR" value="0" />
        <option name="EFFECT_TYPE" value="1" />
      </value>
    </option>
    <option name="SPY-JS.PROGRAM_SCOPE">
      <value>
        <option name="BACKGROUND" value="ffffd7" />
        <option name="EFFECT_TYPE" value="2" />
      </value>
    </option>
    <option name="SPY-JS.VALUE_HINT">
      <value>
        <option name="EFFECT_COLOR" value="a9a9a9" />
        <option name="EFFECT_TYPE" value="0" />
      </value>
    </option>
    <option name="SQL_BAD_CHARACTER">
      <value>
        <option name="EFFECT_COLOR" value="f92772" />
        <option name="EFFECT_TYPE" value="1" />
      </value>
    </option>
    <option name="SQL_COLUMN">
      <value>
        <option name="FOREGROUND" value="bce9fd" />
        <option name="EFFECT_TYPE" value="0" />
      </value>
    </option>
    <option name="SQL_KEYWORD">
      <value>
        <option name="FOREGROUND" value="66d9ef" />
        <option name="EFFECT_TYPE" value="0" />
      </value>
    </option>
    <option name="SQL_NUMBER">
      <value>
        <option name="FOREGROUND" value="bc95ff" />
        <option name="EFFECT_TYPE" value="0" />
      </value>
    </option>
    <option name="SQL_PROCEDURE">
      <value>
        <option name="FOREGROUND" value="e6da74" />
        <option name="FONT_TYPE" value="2" />
        <option name="EFFECT_TYPE" value="0" />
      </value>
    </option>
    <option name="SQL_STRING">
      <value>
        <option name="FOREGROUND" value="bc95ff" />
        <option name="EFFECT_TYPE" value="0" />
      </value>
    </option>
    <option name="SQL_SYNTETIC_ENTITY">
      <value>
        <option name="FOREGROUND" value="bc95ff" />
        <option name="EFFECT_TYPE" value="0" />
      </value>
    </option>
    <option name="STATIC_FIELD_ATTRIBUTES">
      <value>
        <option name="FOREGROUND" value="fffdfe" />
        <option name="FONT_TYPE" value="2" />
        <option name="EFFECT_TYPE" value="0" />
      </value>
    </option>
    <option name="STATIC_METHOD_ATTRIBUTES">
      <value>
        <option name="FONT_TYPE" value="2" />
        <option name="EFFECT_TYPE" value="0" />
      </value>
    </option>
    <option name="STRUCT_LIKE">
      <value>
        <option name="FOREGROUND" value="e5db74" />
        <option name="EFFECT_TYPE" value="-1" />
      </value>
    </option>
    <option name="Scala Keyword">
      <value>
        <option name="FOREGROUND" value="65fcfa" />
        <option name="EFFECT_TYPE" value="0" />
      </value>
    </option>
    <option name="Scala Number">
      <value>
        <option name="FOREGROUND" value="ff952f" />
        <option name="EFFECT_TYPE" value="0" />
      </value>
    </option>
    <option name="Scala String">
      <value>
        <option name="FOREGROUND" value="ff00" />
        <option name="EFFECT_TYPE" value="0" />
      </value>
    </option>
    <option name="Scala Template val">
      <value>
        <option name="FOREGROUND" value="be15e2" />
        <option name="FONT_TYPE" value="2" />
        <option name="EFFECT_TYPE" value="0" />
      </value>
    </option>
    <option name="Scheme Braces">
      <value>
        <option name="EFFECT_TYPE" value="0" />
      </value>
    </option>
    <option name="Scheme Character">
      <value>
        <option name="FOREGROUND" value="6a8759" />
        <option name="EFFECT_TYPE" value="0" />
      </value>
    </option>
    <option name="Scheme Comment">
      <value>
        <option name="FOREGROUND" value="808080" />
        <option name="EFFECT_TYPE" value="0" />
      </value>
    </option>
    <option name="Scheme Literal">
      <value>
        <option name="FOREGROUND" value="cc7832" />
        <option name="EFFECT_TYPE" value="0" />
      </value>
    </option>
    <option name="Scheme Numbers">
      <value>
        <option name="FOREGROUND" value="6897bb" />
        <option name="EFFECT_TYPE" value="0" />
      </value>
    </option>
    <option name="Scheme Parentheses">
      <value>
        <option name="EFFECT_TYPE" value="0" />
      </value>
    </option>
    <option name="Scheme Strings">
      <value>
        <option name="FOREGROUND" value="6a8759" />
        <option name="EFFECT_TYPE" value="0" />
      </value>
    </option>
    <option name="Shebang (#!) comment">
      <value>
        <option name="FOREGROUND" value="71715e" />
        <option name="EFFECT_TYPE" value="0" />
      </value>
    </option>
    <option name="Special">
      <value>
        <option name="FOREGROUND" value="cc7832" />
        <option name="EFFECT_TYPE" value="0" />
      </value>
    </option>
    <option name="Special symbol">
      <value>
        <option name="FOREGROUND" value="f9276c" />
        <option name="EFFECT_TYPE" value="0" />
      </value>
    </option>
    <option name="Standard function">
      <value>
        <option name="FOREGROUND" value="e6da74" />
        <option name="EFFECT_TYPE" value="0" />
      </value>
    </option>
    <option name="Static field">
      <value>
        <option name="FOREGROUND" value="e6da74" />
        <option name="FONT_TYPE" value="2" />
        <option name="EFFECT_TYPE" value="0" />
      </value>
    </option>
    <option name="Static property reference ID">
      <value>
        <option name="FOREGROUND" value="d0d0ff" />
        <option name="FONT_TYPE" value="2" />
        <option name="EFFECT_COLOR" value="ffffff" />
        <option name="EFFECT_TYPE" value="1" />
      </value>
    </option>
    <option name="String">
      <value>
        <option name="FOREGROUND" value="bc95ff" />
        <option name="EFFECT_TYPE" value="0" />
      </value>
    </option>
    <option name="String &quot;...&quot;">
      <value>
        <option name="FOREGROUND" value="ff00" />
        <option name="EFFECT_TYPE" value="0" />
      </value>
    </option>
    <option name="String '...'">
      <value>
        <option name="FOREGROUND" value="ff00" />
        <option name="EFFECT_TYPE" value="0" />
      </value>
    </option>
    <option name="TAG_ATTR_KEY">
      <value>
        <option name="FOREGROUND" value="f92772" />
        <option name="EFFECT_TYPE" value="0" />
      </value>
    </option>
    <option name="TAPESTRY_COMPONENT_PARAMATER">
      <value>
        <option name="FOREGROUND" value="bc95ff" />
        <option name="EFFECT_TYPE" value="0" />
      </value>
    </option>
    <option name="TAPESTRY_COMPONENT_TAG">
      <value>
        <option name="FOREGROUND" value="fd9620" />
        <option name="EFFECT_TYPE" value="0" />
      </value>
    </option>
    <option name="TEL_BACKGROUND">
      <value>
        <option name="BACKGROUND" value="494840" />
        <option name="EFFECT_TYPE" value="0" />
      </value>
    </option>
    <option name="TEL_BOUNDS">
      <value>
        <option name="FOREGROUND" value="bce9fd" />
        <option name="EFFECT_TYPE" value="0" />
      </value>
    </option>
    <option name="TEL_NUMBER">
      <value>
        <option name="FOREGROUND" value="bc95ff" />
        <option name="EFFECT_TYPE" value="0" />
      </value>
    </option>
    <option name="TEL_STRING">
      <value>
        <option name="FOREGROUND" value="48ff60" />
        <option name="EFFECT_TYPE" value="0" />
      </value>
    </option>
    <option name="TEMPLATE_VALUE">
      <value>
        <option name="FOREGROUND" value="9373a5" />
        <option name="EFFECT_TYPE" value="-1" />
      </value>
    </option>
    <option name="TEMPLATE_VARIABLE_ATTRIBUTES">
      <value>
        <option name="FOREGROUND" value="7f0000" />
        <option name="FONT_TYPE" value="3" />
        <option name="EFFECT_TYPE" value="0" />
      </value>
    </option>
    <option name="TEXT">
      <value>
        <option name="FOREGROUND" value="f1f1f1" />
        <option name="BACKGROUND" value="212121" />
        <option name="EFFECT_TYPE" value="0" />
      </value>
    </option>
    <option name="TEXT_SEARCH_RESULT_ATTRIBUTES">
      <value>
        <option name="FOREGROUND" value="500000" />
        <option name="BACKGROUND" value="ffe792" />
        <option name="ERROR_STRIPE_COLOR" value="ff00" />
        <option name="EFFECT_TYPE" value="0" />
      </value>
    </option>
    <option name="TODO_DEFAULT_ATTRIBUTES">
      <value>
        <option name="FOREGROUND" value="7a73ff" />
        <option name="FONT_TYPE" value="2" />
        <option name="ERROR_STRIPE_COLOR" value="ff" />
        <option name="EFFECT_TYPE" value="0" />
      </value>
    </option>
    <option name="TYPEDEF">
      <value>
        <option name="FOREGROUND" value="e5db74" />
        <option name="EFFECT_TYPE" value="-1" />
      </value>
    </option>
    <option name="TYPE_PARAMETER_NAME_ATTRIBUTES">
      <value>
        <option name="FOREGROUND" value="eeeaef" />
        <option name="EFFECT_TYPE" value="0" />
      </value>
    </option>
    <option name="TYPO">
      <value>
        <option name="EFFECT_COLOR" value="b4fabd" />
        <option name="EFFECT_TYPE" value="2" />
      </value>
    </option>
    <option name="Tag name">
      <value>
        <option name="FOREGROUND" value="7cff" />
        <option name="EFFECT_TYPE" value="0" />
      </value>
    </option>
    <option name="Type or constructor">
      <value>
        <option name="FOREGROUND" value="e6da74" />
        <option name="EFFECT_TYPE" value="0" />
      </value>
    </option>
    <option name="UNMATCHED_BRACE_ATTRIBUTES">
      <value>
        <option name="BACKGROUND" value="b99898" />
        <option name="EFFECT_TYPE" value="0" />
      </value>
    </option>
    <option name="Unresolved reference access">
      <value>
        <option name="FOREGROUND" value="ffffff" />
        <option name="EFFECT_COLOR" value="808080" />
        <option name="EFFECT_TYPE" value="1" />
      </value>
    </option>
    <option name="VELOCITY_BAD_CHARACTER">
      <value>
        <option name="EFFECT_COLOR" value="ff0007" />
        <option name="EFFECT_TYPE" value="2" />
      </value>
    </option>
    <option name="VELOCITY_DIRECTIVE">
      <value>
        <option name="FOREGROUND" value="e6da74" />
        <option name="EFFECT_TYPE" value="0" />
      </value>
    </option>
    <option name="VELOCITY_KEYWORD">
      <value>
        <option name="FOREGROUND" value="f92772" />
        <option name="FONT_TYPE" value="1" />
        <option name="EFFECT_TYPE" value="0" />
      </value>
    </option>
    <option name="VELOCITY_NUMBER">
      <value>
        <option name="FOREGROUND" value="bc95ff" />
        <option name="EFFECT_TYPE" value="0" />
      </value>
    </option>
    <option name="VELOCITY_OPERATION_SIGN">
      <value>
        <option name="FOREGROUND" value="f92772" />
        <option name="EFFECT_TYPE" value="0" />
      </value>
    </option>
    <option name="VELOCITY_REFERENCE">
      <value>
        <option name="FOREGROUND" value="bce9fd" />
        <option name="EFFECT_TYPE" value="0" />
      </value>
    </option>
    <option name="VELOCITY_STRING">
      <value>
        <option name="FOREGROUND" value="bc95ff" />
        <option name="FONT_TYPE" value="1" />
        <option name="EFFECT_TYPE" value="0" />
      </value>
    </option>
    <option name="Valid string escape">
      <value>
        <option name="FOREGROUND" value="8b96f3" />
        <option name="FONT_TYPE" value="1" />
        <option name="EFFECT_TYPE" value="0" />
      </value>
    </option>
    <option name="Variable use $a">
      <value>
        <option name="FOREGROUND" value="b000cc" />
        <option name="EFFECT_TYPE" value="0" />
      </value>
    </option>
    <option name="Variable use of built-in ($PATH, ...)">
      <value>
        <option name="FOREGROUND" value="e5db74" />
        <option name="EFFECT_TYPE" value="0" />
      </value>
    </option>
    <option name="Variable use of composed variable like ${A}">
      <value>
        <option name="FOREGROUND" value="cc" />
        <option name="EFFECT_TYPE" value="0" />
      </value>
    </option>
    <option name="WARNING_ATTRIBUTES">
      <value>
        <option name="EFFECT_COLOR" value="fffe89" />
        <option name="ERROR_STRIPE_COLOR" value="ffff00" />
        <option name="EFFECT_TYPE" value="2" />
      </value>
    </option>
    <option name="WRITE_IDENTIFIER_UNDER_CARET_ATTRIBUTES">
      <value>
        <option name="ERROR_STRIPE_COLOR" value="3d556b" />
        <option name="EFFECT_TYPE" value="0" />
      </value>
    </option>
    <option name="WRITE_SEARCH_RESULT_ATTRIBUTES">
      <value>
        <option name="FOREGROUND" value="500000" />
        <option name="BACKGROUND" value="ffe792" />
        <option name="EFFECT_TYPE" value="0" />
      </value>
    </option>
    <option name="WRONG_REFERENCES_ATTRIBUTES">
      <value>
        <option name="FOREGROUND" value="ff0000" />
        <option name="EFFECT_TYPE" value="0" />
      </value>
    </option>
    <option name="Wrong number">
      <value>
        <option name="FOREGROUND" value="ff0000" />
        <option name="EFFECT_TYPE" value="0" />
      </value>
    </option>
    <option name="Wrong string">
      <value>
        <option name="FOREGROUND" value="ff0000" />
        <option name="EFFECT_TYPE" value="0" />
      </value>
    </option>
    <option name="Wrong token">
      <value>
        <option name="EFFECT_COLOR" value="ff0000" />
        <option name="EFFECT_TYPE" value="2" />
      </value>
    </option>
    <option name="XML_ATTRIBUTE_NAME">
      <value>
        <option name="FOREGROUND" value="e6da74" />
        <option name="EFFECT_TYPE" value="0" />
      </value>
    </option>
    <option name="XML_ATTRIBUTE_VALUE">
      <value>
        <option name="FOREGROUND" value="bc95ff" />
        <option name="EFFECT_TYPE" value="0" />
      </value>
    </option>
    <option name="XML_ENTITY_REFERENCE">
      <value>
        <option name="FOREGROUND" value="f92772" />
        <option name="EFFECT_TYPE" value="0" />
      </value>
    </option>
    <option name="XML_TAG">
      <value>
        <option name="EFFECT_TYPE" value="0" />
      </value>
    </option>
    <option name="XML_TAG_DATA">
      <value>
        <option name="FOREGROUND" value="bce9fd" />
        <option name="EFFECT_TYPE" value="0" />
      </value>
    </option>
    <option name="XML_TAG_NAME">
      <value>
        <option name="FOREGROUND" value="fd9620" />
        <option name="EFFECT_TYPE" value="0" />
      </value>
    </option>
    <option name="XPATH.FUNCTION">
      <value>
        <option name="FOREGROUND" value="e6da74" />
        <option name="EFFECT_TYPE" value="0" />
      </value>
    </option>
    <option name="XPATH.KEYWORD">
      <value>
        <option name="FOREGROUND" value="66d9ef" />
        <option name="EFFECT_TYPE" value="0" />
      </value>
    </option>
    <option name="XPATH.NUMBER">
      <value>
        <option name="FOREGROUND" value="bc95ff" />
        <option name="EFFECT_TYPE" value="0" />
      </value>
    </option>
    <option name="XPATH.STRING">
      <value>
        <option name="FOREGROUND" value="bc95ff" />
        <option name="EFFECT_TYPE" value="0" />
      </value>
    </option>
    <option name="XPATH.XPATH_VARIABLE">
      <value>
        <option name="FOREGROUND" value="fd9620" />
        <option name="EFFECT_TYPE" value="0" />
      </value>
    </option>
    <option name="YAML_SCALAR_DSTRING">
      <value>
        <option name="FOREGROUND" value="bc95ff" />
        <option name="EFFECT_TYPE" value="0" />
      </value>
    </option>
    <option name="YAML_SCALAR_KEY">
      <value>
        <option name="FOREGROUND" value="66d9ef" />
        <option name="EFFECT_TYPE" value="0" />
      </value>
    </option>
    <option name="YAML_SCALAR_LIST">
      <value>
        <option name="FOREGROUND" value="e6da74" />
        <option name="EFFECT_TYPE" value="0" />
      </value>
    </option>
    <option name="YAML_SCALAR_STRING">
      <value>
        <option name="FOREGROUND" value="bc95ff" />
        <option name="EFFECT_TYPE" value="0" />
      </value>
    </option>
    <option name="YAML_SCALAR_VALUE">
      <value>
        <option name="FOREGROUND" value="fd9620" />
        <option name="EFFECT_TYPE" value="0" />
      </value>
    </option>
    <option name="YAML_SIGN">
      <value>
        <option name="FOREGROUND" value="a5c261" />
        <option name="EFFECT_TYPE" value="2" />
      </value>
    </option>
    <option name="osmorc.attributeName">
      <value>
        <option name="FOREGROUND" value="fd9620" />
        <option name="EFFECT_TYPE" value="0" />
      </value>
    </option>
    <option name="osmorc.directiveAssignment">
      <value>
        <option name="FOREGROUND" value="f92772" />
        <option name="EFFECT_TYPE" value="0" />
      </value>
    </option>
    <option name="osmorc.directiveName">
      <value>
        <option name="FOREGROUND" value="e6da74" />
        <option name="FONT_TYPE" value="1" />
        <option name="EFFECT_TYPE" value="0" />
      </value>
    </option>
    <option name="osmorc.headerAssignment">
      <value>
        <option name="FOREGROUND" value="f92772" />
        <option name="EFFECT_TYPE" value="0" />
      </value>
    </option>
    <option name="osmorc.headerName">
      <value>
        <option name="FOREGROUND" value="bce9fd" />
        <option name="EFFECT_TYPE" value="0" />
      </value>
    </option>
    <option name="osmorc.headerValue">
      <value>
        <option name="FOREGROUND" value="bc95ff" />
        <option name="EFFECT_TYPE" value="0" />
      </value>
    </option>
  </attributes>
</scheme>

