<application>
  <component name="GitRememberedInputs">
    <option name="visitedUrls">
      <list>
        <UrlAndUserName>
          <option name="url" value="https://anshul_bisen@bitbucket.org/capsiloniq/los-data-connector.git" />
          <option name="userName" value="" />
        </UrlAndUserName>
        <UrlAndUserName>
          <option name="url" value="http://bitbucket.org" />
          <option name="userName" value="anshul_bisen" />
        </UrlAndUserName>
      </list>
    </option>
    <option name="cloneParentDir" value="D:\dev\projects" />
  </component>
</application>